id,pollingfirm,year,month,day,party_a,party_b,party_c,party_f,party_i,party_k,party_o,party_v,party_oe,party_aa,n,source
1,Megafon,2010,1,20,25.4,4.5,11.2,18.5,0.3,,14.6,22.4,2.6,,1089,
2,Gallup,2010,1,29,25,3.4,11.1,19.1,0.7,,14.2,23.7,2.2,,1450,
3,Greens,2010,2,3,26.2,5.4,9.6,16.9,1.1,,14.2,24,2.1,,1050,
4,Rambøll,2010,2,11,26.6,4.1,9.7,18.3,0.5,,13.7,23.7,2.5,,1050,
5,Megafon,2010,2,25,25.8,4.4,11.4,16.8,0.6,,15.2,22.2,3.1,,1000,
6,Gallup,2010,2,26,26.6,4.7,10.4,16.4,0.4,,13.7,24.9,2.3,,1450,
7,Greens,2010,3,3,28.4,5,11,14.7,0.4,,11.7,25.5,2.7,,1050,
8,Rambøll,2010,3,4,24.6,4.7,12.7,16.9,0.2,,12.6,24.6,3,,,
9,Megafon,2010,3,24,25.8,5.1,11.2,18.1,1.2,,13,22.2,2.5,,1089,
10,Gallup,2010,3,26,26.7,4.3,11,16.4,0.8,,13.9,24,2.4,,,
11,Rambøll,2010,3,30,27.4,4.5,8.8,16.1,0.9,,13.4,25.4,2.8,,1050,
12,YouGov,2010,4,12,28.1,4.4,9.4,17.5,2.3,,15.4,19.2,3.4,,1050,
13,Greens,2010,4,14,28.5,6.1,9.6,16.4,0.4,,15.2,21,2.2,,988,
14,Megafon,2010,4,22,25.7,4.6,8.5,16.9,2.6,,14.3,23.1,3.7,,1089,
15,Gallup,2010,4,23,28.2,4.4,8.6,15.4,1.7,,14,24.5,2.3,,,
16,Greens,2010,5,5,26.6,5.2,9.6,19.2,2.3,,12.5,21.7,2.5,,1004,
17,Rambøll,2010,5,6,27.4,4.7,9,19.4,2.7,,12,21.9,2.1,,1000,
18,Megafon,2010,5,26,31.5,4.7,7.8,16.7,1.8,,11.9,22.1,2.7,,,
19,Gallup,2010,5,28,27.1,4.4,8.4,17,3.8,,12.8,22.9,2.7,,1450,
20,Greens,2010,6,2,30.3,4.8,7.3,19.4,3.1,,10.7,21.4,2.7,,1079,
21,Rambøll,2010,6,10,29.3,5,8,17.7,2.1,,12.6,22,2.6,,1050,
22,Megafon,2010,6,24,26.7,5.7,6.8,17.3,4.5,,13.3,21.5,3.7,,1089,
23,Gallup,2010,6,24,29,4.8,7.3,16,4,,13.1,22.3,2.9,,,
24,YouGov,2010,7,3,27.3,4.1,6.7,18.5,6.1,,14.4,19.2,3.1,,1050,
25,Gallup,2010,7,22,26.9,4.5,8.2,16.7,2.6,,12.7,25.3,2.3,,,
26,Greens,2010,8,5,26.5,5.4,7.4,16.5,3.5,,14.4,22.8,2.5,,1079,
27,YouGov,2010,8,9,23.3,4,7.2,19.4,6,,16.3,20.2,3,,1050,
28,Rambøll,2010,8,12,24.7,5.1,6.6,16.8,4.5,,15,23.5,2.5,,1000,
29,Megafon,2010,8,25,25.8,5.4,6.8,17.4,3.8,,13.4,24.2,3,,1089,
30,Gallup,2010,8,26,25.4,4,7,19.4,3.8,,13.1,24.1,2.6,,1450,
31,Rambøll,2010,9,10,25.4,5.4,6.7,16.9,4.7,,15.6,21.3,2.5,,1050,
32,Megafon,2010,9,23,25,4.7,6.2,16.1,5.4,,16.9,21.8,2.9,,1089,
33,Gallup,2010,9,23,27.1,5.4,8.2,16,4.5,,12.1,23.3,2.6,,,
34,Greens,2010,9,29,29.9,5.5,6.6,15,5.3,,14.5,19.6,2.8,,1151,
35,YouGov,2010,10,4,27.2,4.6,6.1,16.5,7.4,,15.5,18.5,3.3,,1050,
36,Rambøll,2010,10,7,27,5,6.7,16.1,5.2,,13.4,22.2,2.3,,1050,
37,Voxmeter,2010,10,9,29.2,4.5,6.5,14.8,6.1,,13.9,22.4,2.2,,1050,
38,Megafon,2010,10,27,27.8,6.4,7.3,16.7,4.1,,13.4,21.8,2.4,,1089,
39,Gallup,2010,10,28,27.2,5.3,6.3,15.9,4.6,,13.7,23.1,3.2,,1450,
40,Greens,2010,11,3,27.1,4.3,7.3,15.7,6.5,,14.3,20.8,3,,974,
41,Gallup,2010,11,12,26.3,4.5,5.9,15.6,6.1,,14.2,24,2.4,,1450,
42,Epinion,2010,11,24,28.9,5.2,5.9,16,6,,13.5,20.4,3.6,,1020,
43,Megafon,2010,11,25,26.7,6.2,6.1,13.8,7.4,,13.7,19.8,4.9,,1089,
44,Gallup,2010,12,10,26.2,6.6,6.9,14.5,6.6,,13.1,21.3,3.8,,1000,
45,Greens,2010,12,12,28.8,6,6.4,14.1,6.1,,13.5,20,4.1,,1006,
46,Megafon,2010,12,16,27.2,6.3,5.6,11.8,8.7,,14.9,19.4,5.2,,1089,
47,Voxmeter,2010,12,18,28.7,6.5,5.5,14,5.3,,15.6,20.8,3.2,,1050,
48,Greens,2011,1,5,29.2,7.5,4.5,13,5.8,,14.6,21.6,3.4,,1336,
49,Gallup,2011,1,6,31.3,5.5,6,12.7,4.3,,12.2,24.3,2.9,,1300,
50,Epinion,2011,1,12,29.9,5.5,5.9,13,4.3,,13,23.1,4.8,,1050,
51,Megafon,2011,1,13,26.6,7.7,5,11.6,7.7,,13.8,22.7,4.5,,1089,
52,Gallup,2011,1,14,28.6,5.8,5.7,14.9,4,,13,24.6,2.9,,1050,
53,Greens,2011,1,19,29.5,6.5,6.5,14.2,5.4,,11.6,22.6,2.7,,1000,
54,Gallup,2011,1,21,27.6,7.3,4.9,13.8,4.7,,14,23.9,2.7,,1300,
55,Megafon,2011,1,28,28.7,6.4,5.6,13,6.6,,14.3,21.2,4.1,,1050,
56,Greens,2011,2,2,31.2,5.6,5.4,15.6,4.4,,12.3,21.3,3.3,,1050,
57,Voxmeter,2011,2,7,26,5.7,4.3,15.6,8.6,,14.4,19.8,4.7,,1050,
58,Rambøll,2011,2,10,30.3,4.7,4.7,16.1,3.8,,13.3,23.9,3.1,,1050,
59,Gallup,2011,2,11,28.2,6.3,5.4,15.5,5.2,,12.5,22.4,3.8,,1050,
60,Voxmeter,2011,2,12,29,6.2,4.9,16.1,5.5,,11.9,22,3.4,,1050,
61,Epinion,2011,2,16,28.1,5,5.9,15.1,6,,13.4,22,3.9,,1050,
62,Megafon,2011,2,24,28.8,6.3,5.4,15.2,6.8,,13.9,19.3,3.7,,1050,
63,Greens,2011,3,2,30.5,6,5.5,16.3,4.2,,13.3,20.1,3.4,,1050,
64,Voxmeter,2011,3,6,29.9,5.8,5.6,15.5,6,,13.1,18.6,4,,1030,
65,Rambøll,2011,3,10,29,6.2,5.2,14.3,5.6,,13.5,21.2,3.7,,1050,
66,Gallup,2011,3,11,28.6,6.3,5.8,12.7,7.2,,15.2,19.9,3.2,,1633,
67,Epinion,2011,3,21,30.4,5,4.9,14,5.1,,15.2,20.3,4.5,,1050,
68,Megafon,2011,4,1,28.9,6.7,5.3,14.3,6.6,,12.8,20.9,3.2,,1050,
69,Greens,2011,4,6,29.3,6.2,6.4,13.6,4.4,,13.1,22.3,3.5,,1050,
70,Rambøll,2011,4,7,28.3,6,6.9,15.4,5,,13.9,20.4,3.2,,1050,
71,Gallup,2011,4,8,27.8,6.3,5.5,14.2,5.5,,13.5,22.8,3.5,,1050,
72,Voxmeter,2011,4,16,29.9,6.7,5.9,14.4,3.2,,13.8,21.8,3.2,,1050,
73,Epinion,2011,4,20,30.2,5.7,5.6,15.6,4.1,,13.4,21.1,3.5,,1050,
74,Norstat,2011,4,22,30.3,5.5,6.5,13.3,3.4,,15.4,20.9,3.5,,1050,
75,Megafon,2011,4,29,29.6,7.6,5.6,13.8,6.3,,12.2,19.8,4.4,,1050,
76,Voxmeter,2011,5,1,27.7,5.2,6.7,13.8,4.9,,14.4,22.6,3.8,,1050,
77,Greens,2011,5,4,26.3,7.3,5.6,15.3,2.7,,14,23.7,3.7,,1000,
78,Gallup,2011,5,5,27.1,5.7,7.3,14.9,4.1,,13.1,24.1,3.3,,1000,
79,Voxmeter,2011,5,8,29.4,6.3,6.5,13.2,5.3,,13,22.5,3.4,,1000,
80,Gallup,2011,5,11,28.2,7.1,6.2,12.9,4.6,,13.2,22.8,4.2,,1000,
81,Epinion,2011,5,13,28.2,6.4,5.8,13.4,3.4,,15.7,21.7,4.6,,1000,
82,Voxmeter,2011,5,14,28.2,7.2,6.8,13.9,3.4,,13.6,22.4,3.5,,1009,
83,Gallup,2011,5,15,27.8,7.4,6.8,12,3.3,,13.5,24.3,4,,2326,
84,Megafon,2011,5,18,26.6,8.1,7.1,12.9,4.1,,12.9,22.8,4.8,,1000,
85,Gallup,2011,5,19,27.8,7.6,5.9,13.1,3,,13.1,24.6,3.8,,2479,
86,Greens,2011,5,23,26.5,7.9,6.4,14.2,4,,13.9,22.8,3.8,,1228,
87,Megafon,2011,5,25,27,7.1,6.6,13.3,3.7,,12.1,23.9,5.3,,1000,
88,Gallup,2011,5,27,27.2,6.8,5.7,12.8,4.2,,13.2,23.7,5,,1990,
89,Voxmeter,2011,5,31,27.6,7.5,6.9,13.8,2.8,,12,32.2,4.7,,1000,
90,YouGov,2011,6,5,26.7,9,5.7,13.5,5.8,,10.9,23,4.7,,1527,
91,Greens,2011,6,10,27.9,8.3,6,12.6,4.2,,11.4,23.5,5.6,,1000,
92,Gallup,2011,6,10,26.6,8.7,6.5,11.4,4.1,,13.4,23.6,5.1,,1631,
93,Rambøll,2011,6,12,27.3,7.9,6.8,12.9,2.3,,13.4,23.4,4.8,,1000,
94,Voxmeter,2011,6,13,27.5,6.4,7.4,13,3.3,,15.2,21.4,4.4,,1000,
95,Voxmeter,2011,6,20,28.9,7.5,6.4,14.2,3.6,,12.5,21.9,4.7,,1000,
96,Epinion,2011,6,23,29,7,6.7,14.1,3.4,,13.4,21.6,4.5,,973,
97,Megafon,2011,6,23,27.4,7.2,6.4,13.5,4,,13.2,23.3,4.6,,1000,
98,Voxmeter,2011,6,25,28.8,7.3,6.6,13.3,3.4,,12.6,23.1,4.5,,1003,
99,Voxmeter,2011,7,3,27.7,7.4,6,13.9,3.8,,12.7,22.3,4.2,,1004,
100,YouGov,2011,7,4,26.4,8.1,5.3,13.5,5.8,,13.7,20.9,5.6,,2737,
101,Gallup,2011,7,8,26.7,7.2,6.2,13,3.5,,13.8,23.1,5.2,,1689,
102,Norstat,2011,7,24,28.5,6.1,7.3,15.1,2.7,,13.4,20.8,4.4,,1143,
103,Epinion,2011,7,27,28.1,7.5,6.7,13.2,3.6,,13.6,22.1,4.6,,1000,
104,Greens,2011,8,3,27.5,7.7,6.7,14.2,2.5,,13.7,22.6,3.7,,1000,
105,YouGov,2011,8,7,27.2,9.2,5.9,12.1,5,,14,19.5,5.9,,1797,
106,Gallup,2011,8,10,27.1,6.7,6.5,12.6,2.6,,14.1,25.3,4.2,,1653,
107,Rambøll,2011,8,11,29.1,6.9,7.1,12.4,3.4,,12.4,22.9,4.9,,938,
108,Epinion,2011,8,11,28.8,7.9,6.1,13.7,3.2,,12,23,5.1,,1000,
109,Voxmeter,2011,8,13,27.8,7.7,6.6,14.1,2.8,,11.7,24.7,4.3,,1000,
110,Norstat,2011,8,14,28.1,6.7,6.3,14.1,2.7,,13.5,23.2,4.7,,1157,
111,Megafon,2011,8,17,28,7.9,6.6,12.6,4,,10.7,25.4,4.5,,865,
112,Voxmeter,2011,8,19,27.5,7.5,6.8,13.9,3.8,,11.9,22,4.6,,1002,
113,Gallup,2011,8,22,22.5,7.3,6.2,14,3.9,,12.5,24.7,4.7,,1476,
114,Megafon,2011,8,25,26.4,7.4,5.9,13.6,4.3,,12.3,24.9,4.6,,1000,
115,Gallup,2011,8,25,25,8.1,6.6,12.4,3.2,,13,25.7,4.8,,1674,
116,Megafon,2011,8,26,26.1,7.7,5.6,13.1,4.4,,12.9,24.7,4.6,,1000,
117,Voxmeter,2011,8,26,28.1,7.5,6.3,14.6,3.3,,12.4,21.9,3.9,,1002,
118,Epinion,2011,8,26,27.8,7.9,6.1,13.1,3.9,,11.7,23.4,5.2,,1051,
119,Gallup,2011,8,26,26.5,7.7,6.8,12.4,2.4,,13,25.4,5,,1477,
120,Rambøll,2011,8,27,27.3,8.3,5.1,12.5,3.7,,13.6,23,5.7,,894,
121,Voxmeter,2011,8,27,27.5,6.7,6.8,14.6,3.4,,12,22.2,4.9,,1000,
122,Norstat,2011,8,27,28.4,8,7.4,12.4,1.9,,12.2,24.7,4.1,,1053,
123,Gallup,2011,8,27,26.8,8.5,6.7,12.4,3.2,,12.4,24.2,4.9,,1528,
124,Epinion,2011,8,27,27.4,7.6,6.6,13.8,3.8,,11.8,23.5,4.7,,1551,
125,Megafon,2011,8,28,26.2,8.5,5.1,12.5,5,,12.5,24.1,5.1,,1000,
126,Voxmeter,2011,8,28,26.4,7.3,6.4,14.1,3.7,,12.5,23.2,4.8,,1000,
127,Epinion,2011,8,28,27.6,7.3,6.9,13.3,4.1,,12,23,4.9,,1070,
128,Gallup,2011,8,28,27.6,8.4,6.4,11.9,3.6,,12.4,23.9,5.3,,1760,
129,Rambøll,2011,8,29,27.9,6.7,7.4,12.7,3.4,,11.8,23.7,6,,980,
130,Voxmeter,2011,8,29,27.7,7.6,7.1,12.8,3.6,,11.5,24.5,4.6,,1000,
131,Megafon,2011,8,29,26.7,9.4,4.7,10.9,4.8,,12.7,23.3,6.4,,1000,
132,Epinion,2011,8,29,28.1,6.7,6.3,13,4.3,,12.3,23.1,5.1,,1018,
133,Norstat,2011,8,29,28.3,7.4,5.1,13.4,3,,11.6,26.6,4.1,,1246,
134,Gallup,2011,8,29,27,8.5,7.1,12,3.7,,12.2,23.5,5.4,,1845,
135,YouGov,2011,8,29,25.2,8.9,6.3,11.1,5.9,,13.1,21.7,7.2,,3006,
136,Megafon,2011,8,30,24.4,9.9,5.6,12.7,2.9,,13.6,25.2,5.1,,900,
137,Epinion,2011,8,30,29.1,6.3,5.4,11.7,4.2,,12.2,23.8,6.4,,994,
138,Rambøll,2011,8,30,30.4,7,7.1,11.1,3.1,,12.2,23.5,4.9,,1000,
139,Voxmeter,2011,8,30,25.9,8.6,7,12.2,4.6,,11.8,24.3,4.9,,1000,
140,Gallup,2011,8,30,26.7,9.1,7.3,12.1,3.3,,12.7,23.4,4.8,,1740,
141,Voxmeter,2011,8,31,25.5,10.1,6.7,11.5,3.8,,11.1,24.2,5.7,,1000,
142,Megafon,2011,8,31,25.7,9.4,5.4,12.1,3.1,,12.5,25.5,5.6,,1000,
143,Rambøll,2011,8,31,29.2,8.2,6.9,11.4,2.6,,12.2,23.5,5.3,,1000,
144,Epinion,2011,8,31,29.3,6.3,5.1,11.6,4.3,,12.9,23.4,6.4,,1008,
145,Greens,2011,8,31,25.6,8.8,6.4,11.8,3.6,,12.4,24.6,6,,1169,
146,Gallup,2011,8,31,26.4,8.2,7.5,12.4,3.5,,12.3,24.3,4.6,,1685,
147,Rambøll,2011,9,1,28.3,8.3,6.1,11,3.1,,13.1,23.3,5.9,,1000,
148,Megafon,2011,9,1,25.7,9.5,5.4,11.1,4.6,,11.6,25.2,5.9,,1000,
149,Voxmeter,2011,9,1,25.6,10.1,6.3,11,4.4,,11.2,23.4,6.4,,1010,
150,Epinion,2011,9,1,28.4,6.9,5.5,11.8,4.1,,12.7,23.5,6.5,,1022,
151,Norstat,2011,9,1,26.9,8.8,5,11.8,5.2,,10.7,24.8,5.9,,1051,
152,Gallup,2011,9,1,24.7,8,6.4,13.4,4.8,,12.2,24.9,4.8,,1572,
153,Rambøll,2011,9,2,27.7,9,6,11.3,3,,13.2,23.2,5.5,,1000,
154,Epinion,2011,9,2,27.6,7.3,5.6,12.4,4.5,,12.4,23.6,5.9,,1000,
155,Voxmeter,2011,9,2,26,9.9,6.6,11.4,4.4,,10.1,22.6,7,,1000,
156,Megafon,2011,9,2,24.8,9.9,5.2,11,5.1,,12.6,24.2,6.2,,1000,
157,Gallup,2011,9,2,25.6,6.8,6.3,13.3,5.4,,11.2,24.3,6.2,,1526,
158,Epinion,2011,9,3,27,7.2,6,12.3,4.6,,12.1,24.1,5.9,,1000,
159,Voxmeter,2011,9,3,27.7,9.7,6.6,10.6,4.4,,9.9,22.8,6.6,,1000,
160,Megafon,2011,9,3,24.5,9.1,6,11.3,5.1,,12.8,23.4,6.8,,1000,
161,Norstat,2011,9,3,25,8.8,6.2,12.1,3.9,,13,24.1,6.1,,1059,
162,Rambøll,2011,9,3,26.2,8.8,5.6,12,3.3,,12.9,23.2,6.8,,1066,
163,Gallup,2011,9,3,25.1,7.5,6.4,13.3,5.4,,11.3,23.9,6.2,,1521,
164,Rambøll,2011,9,4,25.7,9.2,5.5,11.1,4.2,,13.1,23.4,6.8,,975,
165,Megafon,2011,9,4,24.8,9.2,6,11,5.3,,13.1,22.9,7,,1000,
166,Voxmeter,2011,9,4,27.1,10.1,6.2,10.7,4.6,,10.7,22.4,7,,1001,
167,Epinion,2011,9,4,26.1,7.3,5.6,11.9,5.1,,12.5,24.6,6,,1032,
168,Gallup,2011,9,4,25.8,7.8,6.9,12.3,4.7,,12.1,23.2,6.4,,1652,
169,Rambøll,2011,9,5,25.8,9.3,5.9,11.8,4.5,,12.7,22.6,6.3,,906,
170,Epinion,2011,9,5,25.6,8.4,6,11.1,5.2,,12.6,24.4,5.9,,1000,
171,Voxmeter,2011,9,5,26.1,10.5,6.3,9.8,3.6,,10.9,23.1,7.9,,1000,
172,Megafon,2011,9,5,25,8.3,6.4,10.7,5.4,,13.7,23.2,6.6,,1000,
173,Norstat,2011,9,5,25.4,8.5,6.3,10.8,3.6,,11.1,24.8,8.2,,1067,
174,Gallup,2011,9,5,24.6,8.4,6.9,12.3,4.8,,12.4,23.7,6.1,,1699,
175,Rambøll,2011,9,6,26,9.1,5.6,11.9,5.2,,12.2,22.1,7.1,,938,
176,Voxmeter,2011,9,6,24.4,10.7,6.4,10.8,4,,12.6,22.1,8,,1000,
177,Megafon,2011,9,6,24.2,9.3,6.2,10.1,5.4,,13.1,24.2,6.7,,1000,
178,Epinion,2011,9,6,25.2,9,6.3,11.3,5.4,,12.8,23.9,5.6,,1065,
179,Norstat,2011,9,6,25.7,9,6,10.7,4.8,,10.1,24.8,7.7,,1078,
180,Gallup,2011,9,6,25.3,8.1,6.6,11.7,4.8,,12.7,24,6,,1655,
181,Rambøll,2011,9,7,25.5,9.2,6.8,11.2,5.4,,13,21.8,6.2,,895,
182,Megafon,2011,9,7,24.2,9.5,6,10.5,5.7,,12.7,23.7,7,,1000,
183,Voxmeter,2011,9,7,26,9.1,6.9,10.9,3,,12.2,23.5,7.3,,1000,
184,Epinion,2011,9,7,25.3,9.6,6.2,11.5,5.5,,12.5,23.1,5.7,,1056,
185,Norstat,2011,9,7,25.4,7.9,6.9,11,5.3,,11,25.1,6.5,,1086,
186,Greens,2011,9,7,25.3,9.9,5.7,10.3,5,,11.3,24.7,6.8,,1183,
187,Gallup,2011,9,7,25,9.1,6.5,11.4,5.2,,13,23.3,5.7,,1682,
188,Rambøll,2011,9,8,24.9,8.6,7,12.2,5,,12.9,22.1,6.3,,914,
189,Megafon,2011,9,8,24.3,9.4,6,11.1,5.8,,12.3,23.6,6.8,,1000,
190,Voxmeter,2011,9,8,26,9.5,5.8,10.7,3.2,,12.7,25,6.3,,1000,
191,Epinion,2011,9,8,25.9,9.5,5.6,12,5.6,,12,22.7,5.9,,1018,
192,Norstat,2011,9,8,26.1,8,6.1,10.6,5.5,,12.2,24.7,5.9,,1271,
193,Gallup,2011,9,8,25.4,9.3,6.2,10.1,5.6,,12.7,23.3,6.4,,1645,
194,Rambøll,2011,9,9,25,9.4,6.5,11.8,4.2,,12.6,23.3,6.1,,950,
195,Epinion,2011,9,9,26.4,9.6,5.5,11.7,5.8,,11.8,22.6,6,,1000,
196,Megafon,2011,9,9,24.9,9.7,5.8,11.6,5.2,,12.1,23.6,6.4,,1000,
197,Voxmeter,2011,9,9,26.2,9.8,5,9.7,4.7,,11.9,25.7,5.7,,1001,
198,Gallup,2011,9,9,25,10,5,9.8,5.4,,13.6,23,7.2,,1748,
199,Voxmeter,2011,9,10,24.8,9.4,5.3,9.5,5.2,,12.4,26.1,6,,1000,
200,Rambøll,2011,9,10,24.7,9.6,6.2,10.9,4.8,,12.5,24.4,5.8,,1000,
201,Epinion,2011,9,10,25.9,9.1,5.1,11.2,6,,12.4,23.3,6.5,,1000,
202,Norstat,2011,9,10,27.3,8.5,6.1,10.4,4.4,,12.6,22.8,6.1,,1089,
203,Gallup,2011,9,10,26.4,8.9,5.2,10.1,5.2,,12.1,23.7,7.4,,2010,
204,Voxmeter,2011,9,11,23.1,10.7,5,10,6,,13,24.5,6.3,,1000,
205,Epinion,2011,9,11,25.1,9.1,5.6,11.1,5.7,,12.2,23.9,6.6,,1000,
206,Megafon,2011,9,11,25.4,9.9,6.7,10.4,5.5,,11.4,22.6,7.2,,1000,
207,Rambøll,2011,9,11,24.3,10.4,5.8,10.8,5.1,,11.9,24.3,6.4,,1040,
208,Norstat,2011,9,11,27.2,8,5.9,10.3,4.3,,12.2,24.5,6.1,,1625,
209,Gallup,2011,9,11,25.9,9.2,5.4,10.8,4.9,,12.7,23,7.2,,2341,
210,Voxmeter,2011,9,12,22.5,11.1,5.1,10.2,5.8,,12.9,23.8,7,,1000,
211,Megafon,2011,9,12,24.4,10.2,6.3,10.2,5.6,,12.4,23.6,6.5,,1000,
212,Epinion,2011,9,12,24.9,8.7,5.9,10.6,5.7,,12.4,24,7,,1030,
213,Rambøll,2011,9,12,25,10.2,5.8,10.6,5.3,,11.9,23.9,6.1,,1080,
214,Greens,2011,9,12,26,9.6,5.9,10.7,4.6,,11.5,24,6.7,,1451,
215,Norstat,2011,9,12,26.3,8.4,6,11.5,4,,12.3,24.1,6.2,,1631,
216,Gallup,2011,9,12,26.4,9.3,6.3,10.9,4.8,,11.4,23.7,6.2,,2575,
217,YouGov,2011,9,12,23.2,9.7,6.3,10.3,8.1,,12.4,21,8.4,,3762,
218,Megafon,2011,9,13,24.6,10.8,6.3,9.5,5.5,,12.1,23.5,6.7,,1000,
219,Epinion,2011,9,13,25,8.4,5.8,11.1,5.4,,12.1,24.6,6.7,,1000,
220,Voxmeter,2011,9,13,22.1,11.7,5.6,10.8,5.3,,12.7,23.4,7.4,,1000,
221,Rambøll,2011,9,13,24.7,9.1,5.9,10.6,6,,12,23.7,6.8,,1145,
222,Norstat,2011,9,13,26.8,8.1,6,10.2,4.1,,13,25.2,5.8,,1618,
223,Gallup,2011,9,13,25.3,9.8,6.1,10.4,5.1,,12.3,24.3,5.5,,2216,
224,Megafon,2011,9,14,25,9.7,6,10.6,5.2,,12.8,24.1,5.8,,1000,
225,Rambøll,2011,9,14,25,9.4,6.2,10.7,5.3,,11.5,23,7.6,,1145,
226,Voxmeter,2011,9,14,26.1,9.9,5.8,9.9,4.9,,10.7,25.4,6.6,,1751,
227,Norstat,2011,9,14,25.8,9.1,6.1,11,4.4,,11.8,24.9,6.1,,2456,
228,Epinion,2011,9,14,25.4,9.6,5.8,10.5,5.2,,12.1,24.4,6.2,,2621,
229,Gallup,2011,9,14,25.1,9.2,5.5,10.7,4.9,,12.1,25.4,6.2,,5503,
230,Voxmeter,2011,9,28,23.8,9.1,4,8.7,5.1,,11.7,28.8,8.1,,1004,
231,Greens,2011,10,6,24.4,10.1,3.3,7.9,4.6,,11.3,30.5,7.5,,1000,
232,Megafon,2011,10,6,24.1,10.5,4,7.8,5.4,,12.4,28.2,6.9,,1000,
233,Gallup,2011,10,6,23,10.7,3.5,8.9,5.1,,12.2,28.9,7.1,,1545,
234,Voxmeter,2011,10,9,22.9,10.3,4,8.6,4.2,,11.5,30.2,7.5,,1004,
235,YouGov,2011,10,10,22.2,9.7,4.3,7.3,4.8,,12.1,30.8,8.1,,1018,
236,Greens,2011,10,12,22.7,10.1,4.3,8.2,4.7,,12.2,30.7,6.6,,1357,
237,Rambøll,2011,10,13,23,10,3.6,9.4,4.2,,12.3,29.7,6.9,,1054,
238,Voxmeter,2011,10,16,22.4,9.3,4.2,8.2,4.6,,12.2,31.9,6.3,,1000,
239,Voxmeter,2011,10,23,20.5,9.6,4.4,8.4,5.2,,12.7,31.3,6.9,,1000,
240,Megafon,2011,10,26,22.9,9.7,4,7.9,4.1,,10.5,33.1,7.1,,840,
241,Voxmeter,2011,10,30,21,9.6,4.6,7.5,5,,11.6,32.5,7.7,,1000,
242,Greens,2011,11,2,21.9,9.7,4.3,8.7,3.9,,11.6,32.7,6.3,,1000,
243,Epinion,2011,11,3,20.9,9.6,4.4,8.7,4.8,,11.8,31.9,7.4,,1000,
244,YouGov,2011,11,6,22,10.4,3.6,7.8,5.4,,11.7,31.3,7.2,,1563,
245,Rambøll,2011,11,10,21,9.7,4.4,9.1,4.4,,11.2,32.2,7.6,,1025,
246,Gallup,2011,11,10,22.8,9.4,4.6,7.9,4.4,,11.7,31.1,7.4,,1678,
247,Voxmeter,2011,11,12,20.4,10.1,4.3,8.1,4.5,,13,32.2,7,,1000,
248,Voxmeter,2011,11,18,22.9,9.1,4.3,7.5,4.8,,11,32.9,6.9,,1000,
249,Megafon,2011,11,24,23,10.5,3.3,7,4.7,,11.4,32.2,7.5,,1000,
250,Voxmeter,2011,11,27,22.7,9.2,4.5,7.6,4.7,,10.9,33.3,6.7,,1000,
251,Greens,2011,11,30,20.1,9.1,4,7.9,3.9,,11.5,35.9,7.2,,1218,
252,Rambøll,2011,12,8,22.4,9.6,4.8,7.9,4.5,,11.5,32.4,6.7,,1025,
253,Gallup,2011,12,8,21.8,9.6,3.5,8.1,5.3,,11.4,31,8.6,,1556,
254,Voxmeter,2011,12,11,19.9,9.7,4.4,8.3,5.9,,12,31.7,7.5,,1000,
255,YouGov,2011,12,11,21.9,10.1,3.2,7.1,4.7,,11.1,33.1,8.4,,1285,
256,Megafon,2011,12,14,22.8,10.5,3.9,7.4,4.6,,10.4,32.9,7.3,,1000,
257,Voxmeter,2011,12,17,20.5,11,4.2,7.7,5.1,,12.5,31.5,6.8,,1000,
258,Epinion,2011,12,21,22.1,9,3.5,8.1,4.8,,11.4,32.5,7.8,,1000,
259,Greens,2012,1,4,21.6,8.9,3.7,7.4,3.5,,10.8,36.4,7.1,,1248,
260,Gallup,2012,1,5,23.1,9.7,2.6,6.9,4.5,,12.5,32.1,7.8,,1598,
261,Rambøll,2012,1,8,21.8,9.3,3.7,6.9,4.5,,13.1,33,7.5,,1000,
262,Epinion,2012,1,9,22,10.2,3.1,8.3,4.5,,11.8,32.4,7.2,,1015,
263,Rambøll,2012,1,12,21.6,8.7,3.5,7.9,4.2,,11.9,34.6,6.8,,1038,
264,Megafon,2012,1,26,22.6,8.8,4,7.4,4.9,,11.8,32.8,7.3,,1000,
265,Greens,2012,2,1,21.7,10.4,4.2,6.8,5.1,,12.2,32.2,6.7,,1126,
266,Voxmeter,2012,2,6,23.2,9.6,3.4,6.6,4.3,,11.7,33.8,7.3,,1000,
267,Rambøll,2012,2,6,21.6,9.3,3.8,6.3,5,,13.6,32.4,7.3,,1556,
268,Rambøll,2012,2,9,21.3,10.2,3.4,8.5,4.5,,12,33.1,6.3,,1050,
269,Gallup,2012,2,9,23,9.4,4.1,6.9,4.9,,12.2,32.2,6.8,,1539,
270,Epinion,2012,2,15,22.4,9.5,4.1,7.2,5.1,,12.2,32.4,6.7,,1000,
271,Megafon,2012,2,22,20.2,10,3.2,8.1,4.6,,11.9,34.3,7.2,,1008,
272,Voxmeter,2012,2,26,21.5,9.9,3.3,6.5,4.5,,11.9,34.8,7.7,,1000,
273,Greens,2012,3,1,18.5,9.6,3.7,7.1,3.4,,12.8,35.6,8.9,,1168,
274,Gallup,2012,3,8,23.1,8.8,3.3,6.6,4.6,,13.2,31.8,7.7,,1551,
275,Rambøll,2012,3,9,21.5,10.8,3.6,6.1,4.1,,12.5,34.2,6.6,,1000,
276,Voxmeter,2012,3,11,18.5,9,3.7,6.6,5.3,,13.5,33.6,9.2,,1000,
277,Rambøll,2012,3,11,20.7,9.9,3.4,6.2,5.5,,13.4,33,7.4,,1558,
278,Epinion,2012,3,21,20.6,9.4,3.5,7.9,4.4,,13.3,32.1,8.4,,1008,
279,Voxmeter,2012,3,22,19.2,9.2,3,6.1,5.1,,13.6,34.3,8.9,,1000,
280,Megafon,2012,3,29,19.8,9.3,3.4,5.9,6.5,,13.3,32.2,9.2,,1000,
281,Rambøll,2012,3,30,21.2,10.2,4.5,7.4,3.8,,12.8,31.7,7.8,,1000,
282,Gallup,2012,4,3,22.5,9.3,4.6,6.3,4.8,,12.1,31.8,7.9,,1525,
283,Rambøll,2012,4,9,19.9,9.7,4.2,5.5,5.7,,12.6,33.4,8.3,,2140,
284,Epinion,2012,4,11,20.8,9,3.3,6.6,4.7,,13.4,33.4,7.8,,1003,
285,Megafon,2012,4,13,21.5,9.6,3.9,5.6,5.8,,12.6,31.4,9.4,,1128,
286,Voxmeter,2012,4,15,20.5,10.1,3,6.5,4.4,,12.8,33.9,7.9,,1000,
287,Megafon,2012,4,25,20.2,10.6,3.4,7.7,4.6,,12.7,32.5,7.6,,1003,
288,Rambøll,2012,5,7,20.3,8.6,3.7,7,4.5,,12.3,34,8.5,,1017,
289,Greens,2012,5,9,19.3,9.9,2.9,7.4,4.4,,12.9,34,8.1,,1000,
290,Gallup,2012,5,10,21,8.5,3.9,7.5,5.3,,13.8,29.9,8.8,,1517,
291,Voxmeter,2012,5,12,20.7,9.7,3.1,6.1,5,,13.6,32.7,8.6,,1000,
292,Rambøll,2012,5,15,19.8,9.2,3.5,6.3,6.1,,13.9,32.9,7.9,,1021,
293,Epinion,2012,5,25,20.5,8.6,3.9,6.2,5.5,,12.9,32.9,8.7,,956,
294,Megafon,2012,5,31,16.9,9.2,3.5,5.7,5,,13.7,34,11.3,,1118,
295,Voxmeter,2012,6,4,16.8,9.9,4.4,6.8,4.5,,13.2,34,9.5,,1040,
296,Greens,2012,6,6,17.1,9.3,3.3,5.9,4.2,,12,35,11.6,,1092,
297,Rambøll,2012,6,7,17.5,8.7,4.8,6.6,4.9,,12.6,34.1,10,,1016,
298,Gallup,2012,6,7,18.5,9.2,4.4,7.4,3.6,,12.2,33.1,10.9,,1495,
299,Rambøll,2012,6,10,17.7,9.8,3.6,5.8,5.1,,14.4,33.7,9,,1542,
300,Epinion,2012,6,12,17.5,7.4,5,6.6,5,,13.3,34,10.8,,1125,
301,Voxmeter,2012,6,17,17,8.6,4.4,6,4.8,,13.2,35.4,9.8,,1037,
302,Voxmeter,2012,6,26,15.9,9.3,4.3,5.4,3.6,,13.3,34.9,12.3,,1011,
303,Epinion,2012,6,26,16.3,8.3,4.5,5.8,4.1,,12.8,33.6,13.6,,1020,
304,Megafon,2012,6,27,17.3,7.8,4.4,5.2,4.7,,12.4,33.4,13.9,,1030,
305,Voxmeter,2012,6,29,19.2,8.9,4.1,6.9,4.4,,13.1,32.7,9.9,,1127,
306,Gallup,2012,7,5,17.7,9.8,4.1,5.7,4.2,,14,31.2,12.2,,1512,
307,Rambøll,2012,7,29,16.1,8.3,4.3,4.8,4.7,,13.8,33.5,13.6,,1538,
308,Voxmeter,2012,8,5,18.2,9.8,4.3,6.4,4.5,,13.4,32.5,10,,1025,
309,Greens,2012,8,8,19.5,9,4.4,6,5.3,,14.7,32.1,8.2,,1102,
310,Epinion,2012,8,9,17.4,9.2,4.1,6,3.7,,14.1,34.4,10.5,,1034,
311,Gallup,2012,8,9,20.7,9.4,3.6,6.1,4.8,,12.4,32.2,10,,1562,
312,Megafon,2012,8,10,19.8,9.3,3.7,5.8,5.4,,13.9,31.1,10.8,,1254,
313,Rambøll,2012,8,15,18.2,9.8,4.9,4.8,5.3,,14.7,31.7,9.8,,2110,
314,Rambøll,2012,8,17,19,9,4.1,6.7,5.1,,13.9,32.4,8.9,,929,
315,Voxmeter,2012,8,18,18.8,10.3,4.7,6.2,4.2,,13,33,8.9,,1059,
316,Megafon,2012,8,29,19.3,8.5,4.7,6.5,4.3,,13.1,33,9.4,,1012,
317,Voxmeter,2012,9,2,18.6,8.8,3.9,6.5,4.2,,13.8,33.7,10.4,,1035,
318,Epinion,2012,9,5,19,7.5,3.5,5.7,4.9,,15.1,33.5,9.9,,1031,
319,Greens,2012,9,5,18.5,8.2,3.7,5.7,5.3,,13.8,33.1,10.9,,1306,
320,Voxmeter,2012,9,8,17.4,9.5,3.9,6,3.6,,13.2,35.8,10,,1040,
321,Rambøll,2012,9,10,18.8,9.1,4.6,6,5.2,,14.1,31.5,10.3,,2039,
322,Voxmeter,2012,9,15,19.3,9.2,3.8,6.4,4.5,,13,34.6,8.7,,1043,
323,Rambøll,2012,9,17,19,9.2,4.1,6,4.2,,15.6,32.2,9,,1526,
324,Megafon,2012,9,20,20.2,8.3,4.2,6.6,4.7,,14.5,30.7,10,,1135,
325,Voxmeter,2012,9,26,18.8,7.8,4.3,7.1,5.4,,13.9,32.9,9.3,,1051,
326,Gallup,2012,10,1,20,9,3.9,6.5,4.3,,13.4,31.2,10.5,,1522,
327,Greens,2012,10,3,16.5,9.4,3.7,6.5,4.9,,15,32.9,10.4,,1110,
328,Voxmeter,2012,10,7,18,7.9,4.8,6.7,4.4,,14.5,33.4,9.9,,1038,
329,Rambøll,2012,10,8,19.6,9.5,3.1,4.5,5.4,,14.2,33.1,10,,1523,
330,Rambøll,2012,10,11,20.7,8.7,3.2,6.5,4.1,,14.9,33.1,8,,994,
331,Gallup,2012,10,11,21,9.3,4.6,5.2,3.1,,13.4,31.7,11.1,,1586,
332,Voxmeter,2012,10,13,19.2,9.5,4.6,5.6,4.1,,13.8,33.3,9,,1046,
333,Epinion,2012,10,20,19.9,7.8,4.2,6.8,5.1,,14.7,31.6,9.1,,1153,
334,Voxmeter,2012,10,21,20.4,9.8,3.1,7.9,4.1,,14.5,32,7.2,,1038,
335,Rambøll,2012,10,22,19.8,8.7,4.1,6.3,4.2,,15,32.5,9,,1779,
336,Megafon,2012,10,24,20.4,9.4,4.1,5.8,5.1,,13.2,31.8,9.4,,1003,
337,Voxmeter,2012,10,28,19.8,9.6,3.2,6.5,4.3,,14.3,33.1,8.6,,1036,
338,Greens,2012,10,31,20.6,6.9,4.1,6.1,4.7,,14.7,33.9,8.5,,1033,
339,Voxmeter,2012,11,4,18.6,9.6,2.8,6.1,3.6,,13.6,35.5,9.5,,1046,
340,Rambøll,2012,11,5,19.3,10.1,3.7,5.8,4.6,,13.6,33,9.4,,1470,
341,Gallup,2012,11,8,19.8,8.3,4.1,7.5,4.3,,15.6,30.7,8.7,,1532,
342,Voxmeter,2012,11,11,18.7,8.7,2.7,7.6,4.6,,13.8,34.4,7.9,,1047,
343,Rambøll,2012,11,15,20.1,9.1,4.3,7.1,4.6,,13.1,31.6,9.2,,989,
344,Epinion,2012,11,16,19.1,8.1,4,7.5,4.8,,15.2,32.3,8.4,,1034,
345,Voxmeter,2012,11,17,18.2,9.7,3.2,7.4,4.5,,13.5,34.5,7.5,,1044,
346,Rambøll,2012,11,18,18.4,9.9,4,5.8,5.1,,14,33.1,8.7,,1370,
347,Voxmeter,2012,11,25,18.8,9.6,3.7,7.1,4.3,,13.8,34.4,7.5,,1100,
348,Megafon,2012,11,29,19.8,9.4,2.7,6.2,5.9,,14.3,29.6,11.3,,1079,
349,Voxmeter,2012,12,2,19.9,8.8,4.1,6.2,4.4,,13.4,33.1,9.3,,1000,
350,Rambøll,2012,12,3,18.5,9.5,4.3,5.2,4.9,,14.9,30.5,11.7,,1443,
351,Greens,2012,12,5,19.6,8.8,2.8,6.1,5.5,,15.6,31.5,9.5,,989,
352,Gallup,2012,12,6,23.1,8.7,3.2,6.4,4.2,,13.3,32.1,8.5,,1515,
353,Voxmeter,2012,12,9,20.6,8.1,3.3,6.2,5.1,,14.3,31.8,9.5,,1044,
354,Rambøll,2012,12,13,21.3,8.5,4,7.8,4.6,,12.6,32.4,8.4,,1019,
355,Voxmeter,2012,12,15,20.2,8.8,3.7,6.2,4.2,,14.6,32.5,8.6,,1040,
356,Megafon,2012,12,20,18.7,8.9,2.8,6.1,6.8,,14.8,30.8,10.2,,1161,
357,Epinion,2012,12,21,19.4,7.1,3.7,6.5,4.4,,15.5,32.8,10.1,,1000,
358,Voxmeter,2012,12,22,20.6,7.8,4.3,6.9,3.9,,14.1,31.8,9.3,,1030,
359,Greens,2013,1,6,18.5,8.9,3.5,5.5,4.9,,15.6,33,9.9,,1007,
360,Voxmeter,2013,1,6,22.6,8.5,3.2,6.4,3.7,,13.4,31.9,9.7,,1030,
361,Gallup,2013,1,10,20.5,9.9,3.5,6.2,4.5,,14.5,29.9,10.2,,1595,
362,Voxmeter,2013,1,13,20.4,8.2,3.1,6.2,4.7,,14.6,33.2,8.6,,1028,
363,Rambøll,2013,1,14,18.1,9.2,4,6.4,5.1,,16.6,30.2,9.6,,1480,
364,Rambøll,2013,1,17,19.5,9.1,4.3,7.3,4.5,,13.5,32.4,8.6,,969,
365,Voxmeter,2013,1,20,18.6,8.6,3.3,5.9,4.7,,14.1,33.8,10.2,,1033,
366,Epinion,2013,1,23,19.2,8.4,4.2,7.1,4.3,,15.1,31.5,9.9,,1020,
367,Megafon,2013,1,24,19.2,9.3,4.2,7.4,4.7,,14.3,31.7,8.2,,1007,
368,Greens,2013,1,27,19,8.7,4.6,5.3,5,,16.9,28.6,10.6,,1001,
369,Voxmeter,2013,1,27,19.6,8.9,3.5,6.6,5.1,,13.3,32.6,9.6,,1004,
370,Rambøll,2013,1,28,18.6,8.7,3.9,5.5,6,,16.6,30.5,9.8,,1527,
371,Voxmeter,2013,2,3,19.9,8.5,3.8,6.6,5.1,,13.4,33.1,8.8,,1044,
372,Gallup,2013,2,7,20.8,8.6,3.5,7.1,4.2,,15.2,31.6,8.2,,1561,
373,Rambøll,2013,2,9,19.2,8,4,5.3,5.9,,16,30.3,11.2,,1527,
374,Voxmeter,2013,2,10,19.6,9.3,3.8,6.7,4.1,,13.9,33.5,8.2,,1035,
375,Epinion,2013,2,13,19.9,7.8,3.9,6.4,5.3,,15.7,31.3,9.5,,1011,
376,Voxmeter,2013,2,17,19.7,8.6,3.5,5.5,5.1,,14.1,33.2,9.5,,1034,
377,Rambøll,2013,2,21,23,9.1,3.3,7.3,4.1,,13.8,30.8,8.2,,970,
378,Voxmeter,2013,2,24,20.5,7.7,3.9,5.5,5.6,,14.3,32.1,10,,1075,
379,Rambøll,2013,2,25,17.2,8.6,4.2,5.2,5.1,,17.4,31.8,10.3,,1539,
380,Greens,2013,2,27,17.2,8.7,4,6.1,6.2,,15.6,30.3,11.1,,1001,
381,Megafon,2013,2,28,18.3,9,3.4,4.8,5.1,,15.9,30,12.7,,1144,
382,Voxmeter,2013,3,3,19.3,8.3,3.6,4.6,5.3,,14.7,33,10.5,,1031,
383,Gallup,2013,3,7,17.1,9.2,3.9,5.5,4.4,,15.5,31,12.5,,1534,
384,Voxmeter,2013,3,10,18.1,8.8,3.8,4.6,4.7,,14.8,33.1,11.4,,1032,
385,Rambøll,2013,3,10,16.5,7.8,3.8,3.8,5.1,,17.8,32.6,12.1,,1570,
386,Epinion,2013,3,13,17.2,8.9,3.3,4.6,6.1,,17.3,30,12,,1084,
387,Voxmeter,2013,3,17,17.9,8,3.3,4.6,4.9,,15.6,32.8,12.1,,1033,
388,Megafon,2013,3,21,18,8.1,4,4.2,5.6,,17.1,29.9,12.2,,1004,
389,Rambøll,2013,3,21,21.6,8.4,2.9,4.5,4.6,,15.3,31.1,11,,1027,
390,Megafon,2013,3,26,18.4,8.8,4.2,4.1,4.9,,16.9,31.1,11.1,,1004,
391,Voxmeter,2013,4,6,18.8,8.1,3.6,4.3,5.2,,15.9,31.9,11.4,,1562,
392,Rambøll,2013,4,8,16.6,8.9,3.2,3.6,5.4,,18.3,31.8,12.1,,1504,
393,Gallup,2013,4,11,18.2,7.8,3.8,5,4,,16,30.8,13.3,,1534,
394,Voxmeter,2013,4,14,19.1,8.3,3.4,4.4,5.4,,15.2,32.5,10.9,,1043,
395,Voxmeter,2013,4,15,17.9,8.6,3.7,3.7,4.6,,16.3,32.2,12.2,,1028,
396,Rambøll,2013,4,18,15.6,9.1,4.2,4.3,4.9,,14.7,33.5,12.8,,972,
397,Rambøll,2013,4,21,14.4,7.7,4,3.7,5.2,,18.1,33.8,12.4,,1523,
398,Megafon,2013,4,25,17.8,7.5,4.4,2.8,5.2,,17.5,31.3,13.2,,1123,
399,Epinion,2013,4,28,16.3,8.2,3.7,4.1,6.2,,15.7,30.6,14.9,,1015,
400,Voxmeter,2013,4,28,16.3,7.8,3.9,3.9,4.4,,16.8,33.3,12.5,,1547,
401,Gallup,2013,5,7,18.6,8.4,3.3,4.8,4.7,,17,29.7,12.9,,1553,
402,Voxmeter,2013,5,12,16.9,7.9,4.3,4.4,4.8,,14.5,33.9,12.7,,1029,
403,Rambøll,2013,5,13,15.2,6.9,4.5,3.3,5.4,,18.9,31,14.5,,1544,
404,Rambøll,2013,5,16,17.9,8.1,4.9,4.4,4.4,,14.4,32.4,12.2,,972,
405,Voxmeter,2013,5,19,17.1,8,4.5,4.8,5,,13.9,33.3,12.8,,1033,
406,Rambøll,2013,5,21,17.4,8.9,3.9,3,5.1,,16.9,31.3,12.9,,1002,
407,Greens,2013,5,26,16.1,6.6,4.1,3.4,5.4,,16.2,31.6,14.9,,1256,
408,Voxmeter,2013,5,26,17.3,8.4,4.7,4.9,5.1,,14.3,32.5,12.3,,1636,
409,Epinion,2013,5,27,16.5,8.2,4.6,4.7,6.3,,15.1,29.7,14.6,,1067,
410,Megafon,2013,5,29,15.9,8.7,3.8,5.4,5.7,,14.7,32.1,12.8,,1003,
411,Voxmeter,2013,6,3,17.7,8.9,4.1,5.2,5.2,,14.6,31.6,11.8,,1038,
412,Rambøll,2013,6,3,15,8.2,3.9,3.7,6.6,,18.1,30.6,13.6,,1528,
413,Greens,2013,6,5,16.3,7.9,4.7,4,5.2,,16.7,31.3,13.1,,1178,
414,Voxmeter,2013,6,9,17.9,9.1,4,5.3,5.5,,14.5,31.3,11.6,,1600,
415,Rambøll,2013,6,13,19.3,8.1,5.3,6.3,3.5,,15.7,30.1,10.9,,980,
416,Epinion,2013,6,13,18.1,8.8,4.2,6,4.3,,14.6,30.8,12.6,,1012,
417,Megafon,2013,6,13,18.1,8,5.1,4.2,5.6,,15.4,29.3,13.3,,1170,
418,Voxmeter,2013,6,15,18.5,8.7,3.7,5.7,5.7,,14.2,30.9,12.1,,1032,
419,Rambøll,2013,6,17,16,7.9,5.5,3.1,5.5,,17.7,30.4,13.1,,1543,
420,Voxmeter,2013,6,23,18.9,8.6,3.6,5.9,5.8,,14.3,30.5,11.8,,1546,
421,Greens,2013,6,27,17.6,8.5,4.9,3.8,5.8,,15.6,30.8,12.5,,1058,
422,Voxmeter,2013,6,30,20.1,8.7,3.4,6.1,6,,13.6,29.8,11.6,,1033,
423,Rambøll,2013,6,30,16.5,8.3,5.4,4.1,6.3,,19.9,27,11.7,,1547,
424,Gallup,2013,7,1,20.6,8.8,3.4,5.2,4.7,,15.8,29.6,11,,1525,
425,Gallup,2013,7,11,20.4,7.5,4.3,5.3,4.4,,16.7,28.7,11.5,,1502,
426,Epinion,2013,7,17,18.4,8.7,3.9,4.2,5.1,,17.2,30.1,12,,1076,
427,Greens,2013,8,1,17.2,8.3,3.8,6.1,6.8,,17.9,28.1,10.9,,1191,
428,Voxmeter,2013,8,8,23.3,7.9,4.7,5,5.2,,14.9,27.5,10.9,,1035,
429,Gallup,2013,8,8,19.5,9.4,3.1,4.7,4.4,,17.5,28.8,11.4,,1528,
430,Voxmeter,2013,8,10,19.2,9.3,2.9,6.3,5.3,,15.6,29.7,11.2,,1667,
431,Rambøll,2013,8,12,17.8,8,4.8,3.7,5.6,,20.2,27.4,11.8,,1504,
432,Voxmeter,2013,8,18,19.4,9.2,3,6,6.1,,15.2,29.5,11,,1458,
433,Epinion,2013,8,19,18.9,8.7,3.9,4.9,5.9,,17.8,29.3,10.2,,1091,
434,Megafon,2013,8,22,18.9,8.4,4.6,4,6.5,,18.2,27.8,11,,1170,
435,Voxmeter,2013,8,25,18.9,8.6,2.9,5.7,6.5,,16.5,30.1,10.1,,1582,
436,Rambøll,2013,8,26,17.2,7.9,4.1,4.5,5.8,,21.2,28.6,10.7,,1486,
437,Greens,2013,8,28,19.3,8.4,3.4,5.8,5.4,,17.5,29.4,9.9,,1215,
438,Voxmeter,2013,9,1,18.3,8.3,2.7,6.3,7.1,,15.9,30.4,10.2,,1243,
439,Gallup,2013,9,5,19.6,8.2,3.4,6,5.3,,16.8,28.9,11.1,,1461,
440,Voxmeter,2013,9,8,20.8,7.9,3.1,5.5,6.6,,15.1,30.6,9.8,,1032,
441,Rambøll,2013,9,9,16.8,7.8,3.5,4.7,6.4,,20.7,29.6,9.8,,1742,
442,Rambøll,2013,9,15,20,6.8,4.9,3.8,5.6,,21.8,26.2,10.5,,1518,
443,Voxmeter,2013,9,15,21.4,7.4,3.3,4.9,5.8,,15.6,31.4,9.5,,1550,
444,Rambøll,2013,9,18,19.3,8.1,4.5,3.5,5.9,,20,26.5,11.4,,1494,
445,Rambøll,2013,9,19,17.5,9.7,3.8,4.9,4.6,,20.2,28.7,9.9,,961,
446,Voxmeter,2013,9,22,20.9,7.2,3.8,4.5,5.3,,16.9,30.6,10.2,,1045,
447,Rambøll,2013,9,23,16,7.3,4.2,3.4,6.3,,23.5,27.9,10.6,,1542,
448,Megafon,2013,9,25,18.7,9.3,3.7,6.3,4.5,,17.5,29.6,8.9,,1017,
449,Epinion,2013,9,26,19.4,7,3.2,5.1,4.8,,19.7,28.4,11.9,,1071,
450,Greens,2013,9,29,17.2,8.5,2.7,4.4,6.1,,20.1,30,10.2,,1192,
451,Rambøll,2013,9,29,20.6,7.6,4.4,3.5,5.3,,20.3,26.5,10.8,,1489,
452,Voxmeter,2013,10,6,21.1,8.1,2.9,5.5,4.7,,16.9,30.1,10.1,,1037,
453,Rambøll,2013,10,7,18.4,8.1,3.5,4.1,4.6,,22.1,27.2,11.3,,1529,
454,Rambøll,2013,10,10,24.2,6.7,4.5,5.6,4.5,,17.6,26.7,9.1,,964,
455,Gallup,2013,10,10,20.2,7.7,4.1,6,5.4,,18.1,27,10.5,,1530,
456,Voxmeter,2013,10,13,22.5,8.5,2.7,5.8,5.2,,16.5,28.4,9.7,,1027,
457,Megafon,2013,10,14,19.2,8.8,4.8,5.6,5.8,,19.1,26.3,9.9,,1155,
458,Voxmeter,2013,10,20,22.5,8.6,3.2,6.2,5.5,,16.9,26.1,10.4,,1074,
459,Megafon,2013,10,21,20.8,7.8,4.5,5.4,5.6,,19.5,25.2,10.8,,1277,
460,Rambøll,2013,10,21,18.8,8,3.5,4,6.9,,22.3,24.7,11.4,,1516,
461,Epinion,2013,10,24,21.6,8.2,3.3,5.2,5.6,,19.7,26.4,9.3,,984,
462,Megafon,2013,10,24,21.7,8.4,4.1,4.5,6.2,,18.9,25.5,9.7,,1105,
463,Greens,2013,10,25,21.7,6.3,4.6,5.3,5.5,,17.3,27.8,10.1,,1196,
464,Voxmeter,2013,10,27,22.7,8.1,3.3,6.3,5.9,,16.1,27.3,9.8,,1039,
465,Gallup,2013,11,8,21.6,8.2,4.6,6,5,,17.6,24.7,11.4,,1531,
466,Voxmeter,2013,11,10,23.4,8,3.6,7.1,5.4,,15.5,25.5,11.2,,1025,
467,Wilke,2013,11,10,22.4,7.5,4.7,6.1,6.1,,16.4,25.2,10.9,,1156,
468,Voxmeter,2013,11,17,24.6,8.1,3.7,6.5,5.6,,15.6,24.3,11.3,,1020,
469,Megafon,2013,11,20,22.2,7.6,3.9,5.5,4.6,,15.9,29.3,10.2,,1022,
470,Voxmeter,2013,11,24,24.7,7.5,3.9,6,5.7,,15.3,24.9,11.5,,1621,
471,Voxmeter,2013,11,25,24.1,8.1,4.4,5.1,5.9,,15.8,25.8,10.2,,1025,
472,Voxmeter,2013,11,28,22.9,7.2,3.1,6.9,5.2,,15.2,28.6,10.4,,1051,
473,Greens,2013,11,28,23.1,7.9,4.5,4,5.1,,16.6,26.3,11.1,,1190,
474,Wilke,2013,12,8,21,8,5,4.9,5.8,,17.4,26,11.2,,1242,
475,Greens,2013,12,10,22.1,8,4,5.1,5.4,,15.6,27.2,11.3,,1180,
476,Voxmeter,2013,12,15,22.6,8.3,4.1,4.6,5.7,,15.2,28,10.6,,1034,
477,Rambøll,2013,12,16,20,7,5,4.1,4.7,,20,25.9,12.3,,1527,
478,Megafon,2013,12,20,22.5,8.4,3.5,3.7,5.2,,18.5,27.7,9.5,,1200,
479,Voxmeter,2013,12,22,22.9,8.6,4.2,4.3,5,,15.3,28.6,10.4,,1027,
480,Gallup,2013,12,29,22.7,7.7,4.7,4.6,5,,15.6,27.5,10.8,,1541,
481,Greens,2014,1,9,21.8,8.4,4.2,4.2,4,,18.3,26.1,12,,1199,
482,Gallup,2014,1,9,23.8,8.4,3.6,3.9,4.8,,16.6,27.1,11.1,,1579,
483,Voxmeter,2014,1,12,22.1,9.5,4.7,3.8,5.2,,16.6,28.3,9.2,,1027,
484,Rambøll,2014,1,12,19.1,7.2,4.7,3.7,5.5,,19.9,27.6,11.8,,1538,
485,Wilke,2014,1,13,21.6,8,5,4.5,4.4,,18.7,25.4,11.5,,1331,
486,Voxmeter,2014,1,19,21.5,9.1,4.5,4.3,5.4,,16.2,28.5,9.5,,1035,
487,Megafon,2014,1,22,21.7,6.6,4.6,5.6,5.2,,16.1,27.5,11.6,,1011,
488,Greens,2014,1,24,20.1,6.7,4.2,3.9,5.1,,18,28.4,12.2,,1202,
489,Voxmeter,2014,1,26,21.1,8.6,4.1,4.4,4.7,,16.7,28.8,10.8,,1041,
490,Rambøll,2014,1,27,19.9,7.4,4.8,3.6,5.4,,20.6,26.8,10.7,,1464,
491,Rambøll,2014,1,30,15.6,7.9,4.4,4.4,7.8,,19.9,26.1,13.1,,717,
492,Megafon,2014,1,31,18.8,7.4,4.5,4.5,5.1,,20.1,26.7,12.2,,1052,
493,Voxmeter,2014,2,2,19.9,8.9,4.6,3.1,5.2,,17.1,28.7,11.6,,1021,
494,Epinion,2014,2,6,20.1,8.6,4.1,3.8,5.2,,18.8,27.6,11.4,,1730,
495,Voxmeter,2014,2,9,20.1,9.1,4.7,2.4,5.3,,16.7,29.4,11.7,,1034,
496,Rambøll,2014,2,10,17,7.9,4.4,3.6,6.5,,21,26.7,12,,1514,
497,Wilke,2014,2,16,18.3,9.1,4.1,4.2,6.7,,19.5,25.5,11.8,,989,
498,Voxmeter,2014,2,16,20.9,9.4,4.4,3.1,5.1,,17.6,28.3,10.8,,1032,
499,Voxmeter,2014,2,23,20.5,9.9,4.5,3.8,4.9,,18.1,27.6,10.1,,1025,
500,Rambøll,2014,2,23,18.3,8.4,4.5,4.1,5.6,,23.8,24.3,10.8,,1549,
501,Megafon,2014,2,27,17.6,9.4,3.9,4.9,4.9,,21,24.7,13.1,,1136,
502,Greens,2014,2,27,19.3,10.4,4.4,3.7,4.5,,19.4,26.8,10.3,,1189,
503,Voxmeter,2014,3,2,19.8,10.2,4.9,4.4,4.7,,17.9,27.1,10.3,,1030,
504,Gallup,2014,3,3,20.5,9.1,4.2,3.1,4.9,,19.4,26.8,11.6,,1528,
505,Voxmeter,2014,3,9,19.2,9.7,4.4,4.7,4.5,,18.4,27.7,10.8,,1048,
506,Rambøll,2014,3,10,17.6,6.6,4.6,3.4,4.9,,24.1,27.2,11.1,,1654,
507,Epinion,2014,3,13,19.7,9,4.1,3.9,5,,19.9,27,11.1,,2060,
508,Voxmeter,2014,3,16,19.1,9.5,4.6,4.9,4.4,,18.5,28.1,10.5,,1019,
509,Wilke,2014,3,16,18.2,10.6,4.3,5.9,4.6,,21.1,24.8,9.9,,1192,
510,Voxmeter,2014,3,23,19.3,9.7,4.2,4.8,4.2,,18.6,27.9,10.6,,1041,
511,Rambøll,2014,3,23,16.2,8.5,4.9,3.9,5.6,,23.9,25.6,10.8,,2478,
512,Megafon,2014,3,26,19.5,7.8,4.3,5.1,5.2,,20.9,25.4,11.2,,1003,
513,Gallup,2014,3,28,19.2,8.6,3.7,4.8,3.5,,21.8,26.6,10.9,,1564,
514,Voxmeter,2014,3,30,20.1,9.1,4,4.6,4.5,,17.9,28.4,10.3,,1032,
515,Greens,2014,4,3,18,10.4,4.3,3.8,4.7,,18.3,27.8,11.9,,1225,
516,Voxmeter,2014,4,6,19.7,8.6,4.1,4.5,4.7,,18.1,28.9,10.7,,1021,
517,Gallup,2014,4,10,20.2,8,4.8,4.3,5.1,,20.9,25,11,,1527,
518,Voxmeter,2014,4,13,19.3,8.8,3.9,4.7,5.2,,18.2,28.3,11.1,,1028,
519,Wilke,2014,4,14,21.5,8.5,4.7,5.5,6.9,,18.7,22.7,10.7,,1185,
520,Rambøll,2014,4,15,16.5,8.5,4.3,5.2,4.9,,24.1,24.7,10.6,,1358,
521,Voxmeter,2014,4,20,19.4,8.4,3.1,5.2,5.1,,18.2,28.7,11.1,,1028,
522,Epinion,2014,4,21,19.6,8.7,4.1,4.4,4.8,,20.3,26.9,10.7,,2709,
523,Megafon,2014,4,22,20.3,8.3,3.2,4,5.6,,22,26.4,9.7,,1092,
524,Voxmeter,2014,4,27,20,8.7,3.1,4.8,5.5,,18.8,28.1,10.5,,1014,
525,Rambøll,2014,4,27,17.1,8.9,4.6,4.5,5.6,,22.8,25.7,10.6,,1520,
526,Voxmeter,2014,5,4,21.1,8.6,3.6,5.2,5.3,,17.9,27.8,9.6,,1014,
527,Gallup,2014,5,8,20.3,8,4.7,5.9,4.8,,21.7,23.9,9.8,,1512,
528,Voxmeter,2014,5,11,21.9,8.1,3.9,5.8,5.5,,17.9,27.5,8.7,,1031,
529,Rambøll,2014,5,12,17,7.6,3.7,5.9,5.1,,24.1,25.7,10.3,,1589,
530,Wilke,2014,5,18,18.9,9.5,4.6,4.6,6.3,,18.9,24,10.7,,1071,
531,Voxmeter,2014,5,19,22.2,8.3,4.1,5.7,5.8,,18.2,25.9,9.1,,1032,
532,Megafon,2014,5,20,22.3,9.1,4.4,5.1,5.9,,20,23,8.8,,1001,
533,Epinion,2014,5,22,21.3,8.3,4.5,5.6,5.6,,20.1,24,10.2,,2658,
534,Voxmeter,2014,5,25,22.6,9.4,4.8,5.4,5.8,,19.2,22.1,10.2,,1037,
535,Greens,2014,5,25,15.7,7.8,4,5,6.8,,23.1,26.8,10.1,,1235,
536,Rambøll,2014,5,25,17.6,8.7,4.2,4.8,6.7,,23.9,21.3,11.9,,1564,
537,Megafon,2014,5,28,22.9,8.9,5.2,6.3,5.8,,21.3,19.3,9.8,,1077,
538,Megafon,2014,6,2,25.1,8.7,5.4,6.9,6,,21.9,14.5,10.1,,1161,
539,Gallup,2014,6,5,22.4,8.7,5.5,7.9,4.3,,20.9,21.9,7.1,,1644,
540,Voxmeter,2014,6,8,23.2,9.1,5.2,6.5,5.1,,20.8,20,9.4,,1036,
541,Greens,2014,6,8,23.9,9,4.9,6.7,4.4,,21.1,19.8,9.2,,1252,
542,Rambøll,2014,6,8,19.2,7.7,5.8,5.1,5.8,,24.1,21.1,10.8,,1540,
543,Megafon,2014,6,9,24.7,9.2,5.1,5.6,4.4,,20.8,19.6,9.9,,1135,
544,Epinion,2014,6,12,22.3,8,5,7.5,4.7,,22.1,21.6,8.3,,1975,
545,Voxmeter,2014,6,15,22.9,10.3,4.7,7.1,5.2,,18.9,21.1,8.8,,1025,
546,Wilke,2014,6,17,23.1,9.2,5.8,6.5,5.5,,19.7,21.7,8.1,,1056,
547,Voxmeter,2014,6,22,22.8,10.1,4.7,6.8,5.5,,18.7,22.1,8.4,,1022,
548,Rambøll,2014,6,22,20.1,8.1,6.1,4.5,6.5,,24.5,20.2,9.6,,1530,
549,Megafon,2014,6,26,22.4,8.9,5.3,6,4.8,,21.4,20.7,9.9,,1028,
550,Voxmeter,2014,6,26,22.7,9.1,5.1,5.6,5.6,,20.1,21.2,9.7,,1035,
551,Epinion,2014,6,28,21.4,7.3,5.8,7.2,5.4,,23.8,20.1,8.7,,1760,
552,Voxmeter,2014,6,29,23.7,9.6,4.5,6.9,5.1,,17.9,23.2,8.6,,1012,
553,Wilke,2014,7,6,21.6,9,4.8,6,5.3,,20.4,22.7,9.6,,1090,
554,Rambøll,2014,7,6,20.2,7.9,5.6,4.5,6.3,,24.3,20.9,9.6,,1432,
555,Gallup,2014,7,11,21.6,8.7,5.2,5.5,4.6,,21.5,21.3,10.4,,1528,
556,Greens,2014,7,25,22,9.1,4.8,5.7,6.6,,20.9,21.6,8.1,,1298,
557,Gallup,2014,8,7,21.3,7.7,5.2,6.5,5.1,,19.4,23.8,10.1,,1525,
558,Wilke,2014,8,10,22.2,9.6,5.3,6.9,5.2,,18.3,22.8,8.8,,938,
559,Voxmeter,2014,8,10,21.4,8.7,5.5,7.7,4.7,,20.3,23.5,7.8,,1039,
560,Epinion,2014,8,13,20.7,7.9,5.8,6.4,5.2,,20.3,23.6,9.6,,1763,
561,Voxmeter,2014,8,17,20.8,8.6,6.2,7.5,5.1,,19.7,23.1,8.3,,1025,
562,Voxmeter,2014,8,24,21.4,8.8,5.6,7.1,4.8,,19.5,22.7,9.1,,1035,
563,Rambøll,2014,8,24,20.5,7.1,5.7,5.6,5.7,,22.5,21.1,10.8,,1586,
564,Megafon,2014,8,27,20.9,7.8,5.3,7.1,5.8,,20,23.4,8.9,,1007,
565,Greens,2014,8,27,20.5,8.2,5.9,7,5.9,,17.5,22.8,10.4,,1222,
566,Voxmeter,2014,8,31,22.1,8.9,5.3,7.3,4.6,,18.9,23.4,8.8,,1028,
567,Wilke,2014,9,7,22.4,8.7,5,7.2,4.5,,18.9,24.4,7.9,,962,
568,Voxmeter,2014,9,7,22.4,7.4,4.6,7.8,4.7,,18.1,25.3,8.9,,1035,
569,Rambøll,2014,9,7,20,7.3,5.8,5.6,5.6,,20.5,23.5,11.4,,1570,
570,Gallup,2014,9,11,21.7,9.1,5.2,6.2,6.2,,18.5,22.5,9.8,,1533,
571,Voxmeter,2014,9,14,22.7,7.2,4.8,7.2,5.3,,17.7,25.9,8.3,,1028,
572,Rambøll,2014,9,15,19.2,7.2,6.5,5.9,4.8,,22.7,23,9.8,,1505,
573,Epinion,2014,9,17,21.5,7.6,5,6.7,5.5,,19.4,24.5,9.3,,1594,
574,Voxmeter,2014,9,21,22.1,7.8,5.4,6.9,5.9,,17.1,26.5,7.7,,1049,
575,YouGov,2014,9,21,19,7.5,4.9,5.5,6,,22.3,23.2,10.9,,1590,
576,Megafon,2014,9,25,20.9,6.7,5.3,6,4.9,,21.5,23.6,10,,1050,
577,Voxmeter,2014,9,28,21.7,8.4,6.1,6.4,4.7,,17.7,25.8,8.4,,1019,
578,Greens,2014,10,1,20.1,8.2,5.2,6.2,3.6,,22.1,23.5,10.5,,1158,
579,Wilke,2014,10,5,22.9,8.3,5.4,6.1,5.2,,18.2,24.3,9,,974,
580,Voxmeter,2014,10,5,22.5,7.9,5.5,7,4.9,,18.3,25.2,7.8,,1016,
581,YouGov,2014,10,5,19.1,6.6,5,6.3,6.5,,22.7,22.4,10.5,,1380,
582,Gallup,2014,10,9,21.6,7.8,5.5,5.2,4.5,,18.7,25.3,10.1,,1520,
583,Voxmeter,2014,10,12,23.3,8.1,4.8,6.9,4.2,,17.7,25.5,8.6,,1024,
584,Epinion,2014,10,14,21.2,7.6,4.8,6.4,5.5,,19.3,25.1,9.4,,1500,
585,Voxmeter,2014,10,19,22.4,8.2,5.4,7.3,3.9,,18.3,25,8.8,,1029,
586,YouGov,2014,10,19,20.6,6.9,4.5,6.3,6.2,,20.4,23.4,10.6,,1390,
587,Voxmeter,2014,10,26,22.9,7.9,4.8,7.9,4.1,,17.8,25,8.6,,1044,
588,Megafon,2014,10,29,20.9,8.5,5.1,6.1,5.8,,20,22.9,9.3,,1005,
589,Greens,2014,10,29,20.5,7.2,4.6,6.6,5.9,,18.9,23.7,11.7,,1139,
590,Voxmeter,2014,11,2,22.3,7.4,4.4,7.3,4.7,,18.1,25.6,9.4,,1023,
591,Gallup,2014,11,6,20.4,8.4,4.8,6.6,4.5,,20.8,23.9,9.5,,1591,
592,Wilke,2014,11,9,24.1,7,5,6.9,5.9,,19,23.6,7.8,,966,
593,Voxmeter,2014,11,9,21.6,7.5,3.9,7.6,5,,17.6,26.4,9.4,,1028,
594,Voxmeter,2014,11,16,21.3,7.9,3.8,7.7,5.4,,17.1,26.7,9.2,,1028,
595,YouGov,2014,11,16,21,6.1,4.2,6.2,7.7,,21.2,23.2,9.7,,1591,
596,Voxmeter,2014,11,23,21.4,8,4.1,7.5,5,,17.6,26.4,9.1,,1023,
597,Greens,2014,11,26,20.3,8.3,4.9,6.3,5.5,,18.5,24.4,11,,1165,
598,Megafon,2014,11,27,19.8,8.3,6.2,6.5,5.9,,21.2,20.9,9.4,,1095,
599,Voxmeter,2014,11,30,21.1,8.2,4.3,7.1,5.7,,17.9,25.4,9.2,,1035,
600,YouGov,2014,11,30,17.8,6.3,5.3,6.8,6.8,,23.3,22.8,10.2,,1390,
601,Wilke,2014,12,7,22.3,7.7,5.6,7.4,6.4,,18.1,22.9,8.9,,945,
602,Voxmeter,2014,12,7,21.4,7.8,4.3,7.6,5.8,,18.3,24.5,9.1,,1032,
603,Gallup,2014,12,12,21.4,7,4.6,6.2,5.2,,21.4,22.4,10.7,,1561,
604,Voxmeter,2014,12,14,22.2,7.4,3.4,7.9,5.1,,18.8,25.3,8.6,,1051,
605,Voxmeter,2014,12,21,21.5,7.9,3.2,7.1,5.4,,19.1,25.4,9.1,,1016,
606,Epinion,2014,12,27,21,7.5,4.4,7.4,5.6,,19.8,24,9.7,,1619,
607,Greens,2015,1,7,22.4,7.5,4.6,5,5.4,0.7,19.2,25.1,8.8,,1181,
608,Gallup,2015,1,9,22.8,6.7,4.5,6.7,4.9,0.8,20.3,23,9.5,,1522,
609,Wilke,2015,1,11,22.7,7,4.8,8.3,5.1,1.2,19.8,22.7,8.4,,968,
610,YouGov,2015,1,11,22.4,7,4.1,5.6,6.3,0.7,23.1,23.2,7.5,,1000,
611,Voxmeter,2015,1,11,22.7,7.7,4.1,6.9,4.9,0.7,19.9,24,8.3,,1023,
612,Voxmeter,2015,1,18,22.2,8.3,4.4,7.4,4.2,0.5,20.7,23.4,8.6,,1000,
613,Norstat,2015,1,18,23.7,7.4,3.9,5.3,4.6,0.9,22.1,22.7,8.5,,1721,
614,Voxmeter,2015,1,25,22.8,8,4.8,6.7,3.8,0.3,21.5,23,8.8,,1018,
615,YouGov,2015,1,27,21.4,6.9,4.1,6.2,7.3,1.2,21.9,21.7,9.3,,1000,
616,Epinion,2015,1,27,22.9,7.1,4.4,6.7,5,0.6,21.2,23.6,8.5,,1682,
617,Megafon,2015,1,28,20.8,6.5,5.3,6.6,4.3,0.9,20.7,24.8,8.8,,1003,
618,Greens,2015,1,28,21.7,6.9,3.5,7.1,6.5,0.6,20,23.1,9.8,,1248,
619,Voxmeter,2015,2,1,22.9,7.4,4.6,6.6,4.3,0.4,20.6,23.8,8.9,,1028,
620,Gallup,2015,2,5,24.2,6.6,4.3,6.2,5.6,1,20,22.7,8.6,,1513,
621,YouGov,2015,2,8,18.7,6.3,4.4,6.4,7.1,0.9,23.1,23.7,9.3,,1000,
622,Voxmeter,2015,2,8,23.6,7.8,4.8,6.5,5.5,0.4,19.7,22.6,8.7,,1000,
623,Wilke,2015,2,8,25.6,6.7,4.7,6.7,5.6,1.3,19,23,7.4,,1006,
624,Voxmeter,2015,2,15,23.8,7.5,4.5,6.8,6.2,0.4,19.1,22.6,8.8,,1000,
625,Norstat,2015,2,15,21,6.2,3,6,6,0.9,23.6,24.5,7.8,,1394,
626,Megafon,2015,2,19,21.6,6.7,5,6.5,6.4,0.9,16.2,23,10,,1119,
627,Gallup,2015,2,19,23.2,7.1,5.5,6.3,5.9,0.5,21.2,21.9,8.4,,1465,
628,Voxmeter,2015,2,22,23.7,7.7,4.2,7.1,6.1,0.3,18.3,23.5,8.8,,1046,
629,YouGov,2015,2,22,22.2,7.6,5.3,5.5,5.9,0.4,23,21.8,8.2,,1397,
630,Epinion,2015,2,23,22,6.3,4.9,6.3,5.7,0.7,21.7,23.7,8.9,,1735,
631,Greens,2015,2,26,20.9,7.9,4.9,6.7,5.4,0.5,21.7,21.4,8.4,1.7,1173,
632,Voxmeter,2015,3,1,23.1,7.8,5.3,6.9,4.8,0.3,19.6,22.3,8.5,1.2,1004,
633,Gallup,2015,3,5,23.1,6.9,5.3,6,5.8,1,20.1,21.1,8.4,1.8,1479,
634,Voxmeter,2015,3,8,23.4,7.5,4.8,6.4,4.7,0.4,18.7,23.2,9.1,1.5,1019,
635,YouGov,2015,3,9,21.5,6.8,5.2,5.6,7.1,1.1,22.6,19.8,8.1,2.2,1420,
636,Voxmeter,2015,3,15,24.3,7.1,4.6,6.6,5.4,0.5,17.6,23.4,8.4,1.8,1016,
637,Norstat,2015,3,15,23.7,5.9,5,6.6,5.9,0.3,20.4,23,7.1,1.4,1400,
638,Voxmeter,2015,3,22,22.9,7.8,4.7,7.1,5.7,0.6,17.1,23.9,8.5,1.4,1024,
639,YouGov,2015,3,23,19.8,6.7,5,5.4,6.5,0.8,22.4,21.5,9.5,2.5,1364,
640,Epinion,2015,3,23,23.9,6.7,5,6.8,5.5,0.5,18.7,22.3,8.7,1.8,1685,
641,Megafon,2015,3,25,22.6,7.9,4.4,5.4,5.3,0.9,19.1,24.2,7.9,1.8,1001,
642,Greens,2015,3,26,24.4,5.9,4,7,6.5,0.7,17.2,23.3,8.3,2.6,1223,
643,Voxmeter,2015,3,29,23.4,7.3,4.6,7.2,5,0.3,17.7,23.8,8.7,1.5,1018,
644,Voxmeter,2015,4,5,24.1,7.1,3.8,7.6,5.6,0.3,17.1,24.5,8,1.7,1000,
645,Gallup,2015,4,9,24.2,7.6,4.9,5.5,5,1,20.2,20.7,9.3,1.6,1525,
646,Voxmeter,2015,4,12,24.8,6.6,4.1,7,4.9,0.4,17.7,25.1,7.5,1.5,1022,
647,Norstat,2015,4,12,25.5,5.7,4.2,6.1,5.3,0.7,21.1,20.9,8.6,1,1386,
648,YouGov,2015,4,13,23.3,6.8,4,5.2,6.7,0.9,21.9,19.8,9.5,1.9,1415,
649,Wilke,2015,4,14,24.3,7.1,4,6.1,6.8,0.4,19.3,22.6,7.9,1.5,951,
650,Voxmeter,2015,4,19,25.5,6.4,2.9,6.5,5.7,0.7,18.2,24.2,8.1,1.5,1008,
651,Epinion,2015,4,22,24.3,6.6,4.2,6.9,5.9,0.6,19.4,22.2,8.4,1.6,1769,
652,Voxmeter,2015,4,26,25.1,5.8,3.6,6.7,6.6,0.7,18.3,23.7,7.9,1.2,1020,
653,YouGov,2015,4,26,23.5,6.3,4.6,5.5,7.6,0.5,20.1,21.3,8.6,2.1,1387,
654,Greens,2015,4,29,25.5,6.6,4.8,6.2,6,0.6,17.8,21.9,9.1,1.2,1232,
655,Megafon,2015,4,30,24.6,6.1,4.8,6,6.3,0.8,20.8,19.5,8.7,2,1374,
656,Voxmeter,2015,5,3,24.2,5.8,3.7,5.9,7,0.8,19.1,23.5,8.6,1.1,1023,
657,Gallup,2015,5,7,23.6,5.8,4,6.6,5.9,0.6,19.7,23.4,8.6,1.5,1514,
658,Wilke,2015,5,10,23.5,6.4,3.5,6.8,8.3,0.8,17.1,22.5,8.3,2.7,945,
659,Voxmeter,2015,5,10,23.6,5.9,4.1,6.2,7.4,0.7,18.6,24.2,8.1,0.9,1022,
660,Norstat,2015,5,10,25.4,4.9,4.2,5.6,5.9,0.4,21.1,21.9,8.1,1.7,1720,
661,YouGov,2015,5,11,25.2,6.9,3.9,5.3,7.5,0.5,20.3,20.5,8,1.8,1615,
662,Epinion,2015,5,12,25.3,5.9,3.9,6.5,6.3,0.5,18.9,22.5,8.6,1.4,4646,
663,Voxmeter,2015,5,17,24.4,5.6,3.9,6.1,7.1,0.9,17.9,24.7,7.5,1.6,1047,
664,Voxmeter,2015,5,24,24.7,5.8,3.2,6.2,7.8,1.1,18.4,23.8,7.7,1.2,1029,
665,Megafon,2015,5,25,25,6.7,4,6.6,7.4,0.7,19.3,20.7,6.9,2.3,1048,
666,YouGov,2015,5,25,26.1,5.3,4,5.3,8,0.7,19.7,19.6,8.3,2.9,1356,
667,Greens,2015,5,26,22.8,6.6,4.6,6.8,7.4,0.9,17.4,21.2,9.5,2.1,1280,
668,Megafon,2015,5,27,24.1,6.3,4.6,7.1,7.6,1,19.6,19.6,7.8,2,1002,
669,Voxmeter,2015,5,27,25.1,6.1,3.3,6.3,8,0.5,18.3,22.5,8.4,1.5,1010,
670,Greens,2015,5,27,24.8,6.1,4.6,6,6.1,0.3,20.1,19.5,10.2,2.3,1113,
671,Gallup,2015,5,27,24.5,5.6,4.3,6,6.5,0.4,18.7,21.3,10.2,2.5,1293,
672,Epinion,2015,5,27,25.3,5.5,4,5.9,6.4,0.5,20.2,22.1,8.3,1.7,1416,
673,Gallup,2015,5,27,24.4,6.1,5,6,6.3,0.8,18.6,20.3,9.8,2.7,1937,
674,Voxmeter,2015,5,28,25.5,6.2,3.5,6.3,8.2,0.6,18.3,21.4,8.1,1.6,1050,
675,Epinion,2015,5,28,25.4,5.5,4.1,6.1,6.3,0.3,20.5,20.8,9.2,1.9,1834,
676,Voxmeter,2015,5,29,26.6,6.1,3.4,6.9,8.1,0.5,18.4,20.1,8,1.8,1047,
677,Wilke,2015,5,29,25.3,7,3.6,5.9,6.9,0.7,18.2,21.6,8.7,2.1,1052,
678,Greens,2015,5,29,24.3,6,4.5,6.4,5.8,0.5,20.2,19.8,10,2.5,1280,
679,Gallup,2015,5,29,24.6,5.9,4.7,5.6,7,0.6,18.3,21,9.2,3,1780,
680,Epinion,2015,5,29,26.6,5,3.8,6.1,6.4,0.4,19.6,21,8.6,2.5,2209,
681,Wilke,2015,5,30,25.3,7,3.6,5.9,6.9,0.7,18.2,21.6,8.7,2.1,1000,
682,Megafon,2015,5,30,25.2,6.1,4.6,6.9,6.8,0.5,19.8,19.7,7.8,2.5,1001,
683,Voxmeter,2015,5,30,26.8,5.6,2.6,7.2,7.9,0.4,17,21.2,8.7,2.2,1056,
684,Greens,2015,5,30,24.5,5.5,3.8,6.8,6.2,0.9,19.6,20.1,10.2,2.4,1280,
685,Epinion,2015,5,30,26.4,5.1,3.9,5.8,6.4,0.3,19.4,20.8,8.8,3.2,2733,
686,Megafon,2015,5,31,25,5.8,4.2,6.3,6.5,0.6,19.4,20.9,8.4,2.8,1001,
687,Wilke,2015,5,31,24.2,6.8,4.1,6.9,7.2,0.7,19,20.4,7.9,2.8,1007,
688,Voxmeter,2015,5,31,26.8,5.6,2.6,7.2,7.9,0.4,17,21.2,8.7,2.2,1056,
689,Greens,2015,5,31,24.3,5,4.1,7,7,0.7,18.8,20.4,10,2.7,1096,
690,Epinion,2015,5,31,26.4,4.9,3.8,5.6,6.7,0.3,19.1,20.5,9.1,3.7,1609,
691,Gallup,2015,5,31,24.6,6.4,4.3,5.6,7.1,0.3,18.1,21.6,8.9,2.9,1854,
692,Wilke,2015,6,1,25.1,7.4,3.7,6.5,7,0.9,17.9,19.3,8.2,4,1003,
693,Voxmeter,2015,6,1,25.9,5.2,2.5,7.2,7.9,0.6,17.2,21.7,8.8,2.9,1050,
694,Megafon,2015,6,1,25,6.7,3.4,5.2,7.2,1.4,18.3,21.3,7.7,3.6,1064,
695,Greens,2015,6,1,24.8,4.2,3.8,7.2,7.7,0.7,18,20.6,10.2,2.8,1278,
696,YouGov,2015,6,1,24.2,6.2,4.3,5.5,6.8,0.5,20.3,19.9,9.2,3.1,1600,
697,Epinion,2015,6,1,25.8,4.8,3.7,5.5,7.4,0.4,18.9,20,9.5,4,1679,
698,Gallup,2015,6,1,24.7,6,4,5,6.4,0.5,18.8,21.5,9.7,3.1,2076,
699,Wilke,2015,6,2,25,7.4,3.6,6.7,6.7,0.8,18.4,19.3,8.2,3.9,1001,
700,Voxmeter,2015,6,2,25.6,5.3,2.6,6.9,7.7,0.8,17.1,21.5,9,3.4,1041,
701,Greens,2015,6,2,26.4,4,3.5,6.6,8.3,0.3,18.5,20.5,9.2,2.7,1056,
702,Megafon,2015,6,2,25.3,6.8,3,5.9,7,1.3,18.2,21.1,8,3.3,1064,
703,Epinion,2015,6,2,26.1,4.5,3.6,5.8,8,0.8,17.9,21,9.1,3.1,1802,
704,Gallup,2015,6,2,25.1,6,3.6,4.7,5.8,0.5,19,22.4,9.6,3,2091,
705,Wilke,2015,6,3,24.7,7.2,4.1,6.4,6.8,0.6,18.6,19.8,8.5,3.3,1010,
706,Megafon,2015,6,3,25.5,5.7,3.3,6.6,6.6,1.2,18.8,20.8,8.3,3.1,1027,
707,Voxmeter,2015,6,3,26.2,4.9,3.1,6.4,7.9,0.9,16.9,20.7,9.2,3.8,1043,
708,Greens,2015,6,3,26.6,4,3.4,6.9,7.3,0.5,18.6,20.1,9.4,3.2,1244,
709,Gallup,2015,6,3,25.8,5.2,4,4.8,6,0.4,18.7,21.8,9.5,3.6,1917,
710,Epinion,2015,6,3,25.7,4.2,3.4,6.3,8.2,0.6,18.3,20.6,8.7,3.8,1942,
711,Wilke,2015,6,4,24.5,6.4,4.4,5.9,6.7,1,19.2,20,8.6,3.3,1001,
712,Megafon,2015,6,4,25.5,5.3,3.2,6.2,6.5,1.4,18.6,21.5,8.1,3.6,1025,
713,Voxmeter,2015,6,4,26.7,5.5,3.7,5.9,8.4,0.8,17.2,20.1,8.4,3.3,1057,
714,Greens,2015,6,4,26.8,4,3.8,6.5,6.9,0.5,19.7,20.5,8,3.3,1086,
715,Gallup,2015,6,4,27.6,5.4,4.1,5.7,5.5,0.8,18.1,20.7,8,4,1696,
716,Epinion,2015,6,4,26.4,4.7,3.4,5.7,6.8,0.7,18.9,21,8.6,3.8,1932,
717,Wilke,2015,6,5,23.5,7.2,4.2,5.8,6.3,0.9,20.2,19.3,9,3.6,1024,
718,Voxmeter,2015,6,5,27.1,5.8,4.1,5.7,7.6,0.8,17,20.2,7.9,3.6,1024,
719,Greens,2015,6,5,25.7,4.7,3.9,6,7,0.6,19.2,20.6,8.7,3.6,1079,
720,Gallup,2015,6,5,26.9,5.2,4.5,6.2,6.7,1.2,18.1,19.1,7.3,4.6,1626,
721,Epinion,2015,6,5,26.4,4.7,3.4,5.8,7.3,0.6,18.7,20.2,8.7,4.2,1808,
722,Wilke,2015,6,6,24.9,6.7,3.4,6.5,7.2,0.8,19.1,19.1,8.5,3.8,1001,
723,Voxmeter,2015,6,6,27,6.3,4.1,6,6.9,0.6,17.2,20.5,7.7,3.6,1020,
724,Greens,2015,6,6,25.6,5.2,3.5,5.5,7.7,0.2,19.5,20,8.3,4.5,1096,
725,Gallup,2015,6,6,26.7,5.6,4.3,6.1,6.8,1.1,17.9,19.2,7.8,4.1,1693,
726,Epinion,2015,6,6,26.4,5.3,3.7,5.6,7.2,0.6,18.3,20.2,8.8,4,1701,
727,Wilke,2015,6,7,24.9,6.8,3.7,6.3,8,0.3,18.3,20.7,8,3,1009,
728,Voxmeter,2015,6,7,26.8,6.3,3.6,6.4,6,1,16.5,21.1,8.5,3.9,1023,
729,Greens,2015,6,7,25.5,5.2,3.5,5,7.9,0.2,19,19.3,9.5,4.9,1104,
730,Megafon,2015,6,7,25.5,5.4,4,5.7,7.6,1,17.3,21,8.8,3.6,1149,
731,Epinion,2015,6,7,26.7,4.9,3.7,5.9,7.4,0.5,17.8,20,9,4,1622,
732,Gallup,2015,6,7,26.4,5,4.1,5.1,7.6,1,18.2,19.4,9.1,3.8,1680,
733,Wilke,2015,6,8,25,5.7,3.9,6.2,9.3,0.6,17.4,20.8,7.4,3.7,1009,
734,Voxmeter,2015,6,8,26,6.4,3.3,5.9,6.5,1.1,16.2,21.9,8.2,4.4,1022,
735,Greens,2015,6,8,27.1,5,2.9,5.6,7.6,0,18.3,19.5,9.4,4.6,1111,
736,Megafon,2015,6,8,25.6,5,4.2,4.7,8.6,0.6,17.5,20.8,8.4,4.5,1149,
737,Norstat,2015,6,8,26.9,4.1,2.7,6.7,6.1,0.5,19.3,18.7,10.7,3.7,1502,
738,Epinion,2015,6,8,26.7,4.8,3.4,6,7.3,0.5,18.3,20,8.8,4.3,1658,
739,Gallup,2015,6,8,26.1,5.5,4.2,4.6,7.6,1,17.4,20,10.1,3.1,1695,
740,YouGov,2015,6,8,23.8,5,3.7,5.8,7.7,0.8,18.5,20.4,10.2,4.1,2298,
741,Wilke,2015,6,9,25,5.5,4.1,5.6,8.8,1,17.1,21.1,7.6,4.2,1010,
742,Voxmeter,2015,6,9,26.4,6.2,3.3,5.4,6.9,1.4,16.8,21.5,7.7,4.3,1019,
743,Megafon,2015,6,9,26,5.5,4,4.4,8.6,0.9,17.2,20.6,8.3,4.4,1056,
744,Greens,2015,6,9,26.4,4.9,2.8,5.9,7.8,0.3,17.6,19.6,9.8,4.9,1059,
745,Gallup,2015,6,9,25.6,5.3,4,4.3,7.9,1,17.6,19.9,10.2,4.1,1633,
746,Epinion,2015,6,9,26,4.7,3.3,5.9,8,0.8,19.5,19,8,4.8,1691,
747,Voxmeter,2015,6,10,26.9,5.8,3.5,5.1,7.4,1.1,17.4,22,7.1,3.7,1010,
748,Wilke,2015,6,10,25.1,5.7,3.9,5.8,8.1,0.8,17,20.9,8.5,4.2,1010,
749,Megafon,2015,6,10,26.2,5.7,4,4.9,8.2,0.7,17.3,20.1,8.5,4.3,1064,
750,Greens,2015,6,10,25.8,4.8,2.5,5.8,9.3,0.4,16.9,20.6,8.7,5.2,1066,
751,Gallup,2015,6,10,25.8,5.2,4.5,4.7,7.4,0.7,16.7,20.8,9.4,4.6,1626,
752,Epinion,2015,6,10,25.1,4.9,3.1,6.5,8.5,0.8,19,19.1,7.7,5.2,1908,
753,Megafon,2015,6,11,25.2,6,3.3,5.4,9,0.8,16.8,21.3,8.5,3.6,860,
754,Voxmeter,2015,6,11,26.1,5.2,3.1,5.7,7.5,0.9,18,22.7,6.6,4,1016,
755,Wilke,2015,6,11,25,5.5,3.9,6.3,7.7,1.1,16.4,21,8.9,4.2,1024,
756,Greens,2015,6,11,24.4,4.5,3,6.3,8.8,0.7,18.5,20.3,8.2,5.3,1077,
757,Gallup,2015,6,11,26.5,4.8,4.3,4.7,6.8,0.7,17.5,20.8,9.3,4.4,1702,
758,Epinion,2015,6,11,24.9,5.3,3.2,5.5,8,0.9,19.2,20.2,8.3,4.6,1986,
759,Wilke,2015,6,12,24.7,5.3,3.6,6.7,8.6,1.1,16.6,21.4,8.2,3.8,1016,
760,Voxmeter,2015,6,12,25.6,4.8,2.9,6.2,7.3,0.9,17.8,23.4,6.4,4.6,1018,
761,Greens,2015,6,12,24.3,4.9,2.8,6.1,8.9,1.1,19.2,20.5,8.2,4,1069,
762,Megafon,2015,6,12,25,5.8,3.9,5.5,8.5,1.5,16.9,20.7,8,4.1,1212,
763,Gallup,2015,6,12,27.6,4.6,3.9,4.9,6.4,1,17.3,21.3,8.5,4.2,1795,
764,Epinion,2015,6,12,25.3,4.3,3.3,4.9,8.2,0.7,19.3,20.7,8.5,5.1,2168,
765,Wilke,2015,6,13,24.5,5.5,4.1,6.5,8.9,0.8,17,20.2,8.2,4.3,1003,
766,Megafon,2015,6,13,24.8,6.4,3.5,6.4,8.9,0.9,17.5,20.4,7.2,3.9,1004,
767,Voxmeter,2015,6,13,26.1,4.7,2.6,6.3,7.6,0.8,16.9,23.3,7.1,4.3,1019,
768,Greens,2015,6,13,23.6,5.3,2.9,5.3,8,1.2,20.2,20.6,9.1,3.8,1093,
769,Gallup,2015,6,13,26.3,5,3.5,4.9,6.4,1.5,18.4,21,8.4,4.4,1872,
770,Epinion,2015,6,13,25.6,4.6,3.7,4.5,8.4,0.7,19.7,20,8.1,4.8,1963,
771,Megafon,2015,6,14,25.7,5.5,3.5,5.3,8.5,1.1,17.4,20.7,7.6,4.6,1002,
772,Wilke,2015,6,14,26.2,5.3,4.5,5.4,8.8,1.2,16.7,19.4,7.5,5,1011,
773,Voxmeter,2015,6,14,26.9,4.6,2.7,6.6,7.5,0.7,16.2,22.4,7.6,4.6,1033,
774,Greens,2015,6,14,23.7,5.2,2.9,5.6,8.2,1.2,19.6,20.4,9.1,4.1,1095,
775,Epinion,2015,6,14,24.9,4.3,3.9,5.3,8.2,0.8,18.8,20.2,8.6,5,1849,
776,Gallup,2015,6,14,26.3,4.8,3.4,5,6.9,1.2,18,21.2,8.5,4.6,1852,
777,Megafon,2015,6,15,25.8,5.3,3.4,5.1,8.1,1.2,18.1,20,8.3,4.6,1002,
778,Voxmeter,2015,6,15,26.6,5,3,6.4,8.1,0.8,15.7,21.9,8.4,3.9,1022,
779,Wilke,2015,6,15,25.9,5.6,4.6,5.7,8.3,1.3,16.7,18.8,8.1,5,1060,
780,Greens,2015,6,15,24.6,4.7,3.3,5.6,7.7,0.7,19.2,19.8,9.4,5,1103,
781,YouGov,2015,6,15,24.5,6.3,4.2,5.7,7.7,0.9,19,18.2,8.3,5,1491,
782,Epinion,2015,6,15,24.1,5,4.3,6.2,7.5,0.9,18.4,20.3,9,4.2,1804,
783,Gallup,2015,6,15,25.4,5.1,3.7,4.9,7.2,1.1,18,21.2,8.6,4.7,1863,
784,Voxmeter,2015,6,16,26.1,4.8,3.5,6.2,8.4,1,16.1,21.3,8.1,4.3,1036,
785,Greens,2015,6,16,24.4,5.2,3.2,5.7,7.2,0.5,19.5,20.4,8.5,5.4,1077,
786,Megafon,2015,6,16,25.5,5,3.8,5.3,8,1,17.9,20.4,8.4,4.6,1130,
787,Gallup,2015,6,16,26.4,4.6,4.1,4.9,7.2,0.8,17.6,21,9.1,4.2,1751,
788,Epinion,2015,6,16,24.7,4.8,3.7,5.8,7.9,1,17.6,20.4,9.4,4.7,2075,
789,Megafon,2015,6,17,25.5,5,3.9,5.2,7.7,0.9,17.9,20.6,8.6,4.6,1022,
790,Epinion,2015,6,17,24.5,5.2,3.9,5.3,7.5,0.7,18,20.6,9.3,4.9,2060,
791,Wilke,2015,6,17,24,5.2,4.7,5.5,7.8,1,17.5,19.8,9,5.5,3839,
792,Gallup,2015,6,17,25.9,5.2,3.8,5.3,7.1,1.1,18.1,20.6,8,4.8,5167,
793,Megafon,2015,6,17,25.1,5.1,3.9,5.2,7.8,1,18.3,20.4,8.1,4.9,1800,
794,Voxmeter,2015,6,17,25.9,4.6,3.5,6.3,7.7,0.9,17.2,19.6,9.8,4.5,3603,
795,Greens,2015,6,17,24.4,5.6,3.3,5.4,7.6,0.6,18.5,20.9,8.5,5.2,1108,
796,Epinion,2015,6,18,25.7,5.2,3.3,5,8.2,1.1,18.5,20.2,7.8,4.9,4524,
797,Voxmeter,2015,6,28,27.5,4.7,3.1,3.3,7.7,0.5,21.5,18.2,8.6,4.7,1023,
798,Gallup,2015,7,9,26.6,4.3,3.1,3.8,7.8,0.6,20.8,20.4,8.3,4.3,1553,
799,Megafon,2015,7,30,27.1,5.1,3.6,4.4,7.4,0.8,20.3,19.1,7,5.1,1027,
800,Greens,2015,8,3,27.7,4.7,4.1,4.4,7.8,0.6,18.9,18.2,7.9,5.3,1205,
801,Gallup,2015,8,6,26.8,4,3.4,3.8,7.6,0.8,21.2,19.3,8.3,4.7,1529,
802,Voxmeter,2015,8,9,27.3,5.1,3.4,4,7.9,0.7,20.6,17.9,8.1,4.9,1028,
803,Voxmeter,2015,8,16,27.6,4.6,3.1,4.2,7.3,0.6,20.7,18.8,8.7,4.2,1036,
804,Norstat,2015,8,16,27,4,3.1,3.4,7.3,0.5,21.3,18.8,8.9,5.3,1000,
805,Epinion,2015,8,18,26.5,4,3.2,4.3,8.1,,21,19.9,8,4.9,1781,
806,Voxmeter,2015,8,23,26.7,4.3,2.9,3.9,7.5,0.5,20.8,19.3,9,4.8,1047,
807,Megafon,2015,8,26,26.4,4.4,3.2,4,7.6,0.4,19.8,20,9.1,4.9,1003,
808,Voxmeter,2015,8,30,26.8,4.5,2.8,3.7,7.6,0.6,20.4,19.9,8.3,5.2,1032,
809,YouGov,2015,8,31,25.8,4.3,3.7,3.5,8.8,0.5,20.5,19.6,8.5,4.8,1587,
810,Greens,2015,9,3,25.5,5.7,3.1,4,7.1,1,19.6,20.8,8.1,4.9,1204,
811,Voxmeter,2015,9,6,26.8,4.7,2.7,3.8,7.8,0.5,19.9,20.4,8.9,4.5,1059,
812,Gallup,2015,9,10,25.2,4.5,3.3,4.5,8.5,0.7,21.1,18.7,8.5,5,1493,
813,Voxmeter,2015,9,13,26.6,4.9,3.1,4.3,7.1,0.4,21.3,19.5,8.2,4.3,1061,
814,Norstat,2015,9,13,26.4,4.6,3.2,4.5,7.3,0.9,22.4,17.3,8.1,5.2,1000,
815,Voxmeter,2015,9,20,26.3,4.9,2.9,4.1,7,0.7,21.7,19,8.3,5,1045,
816,Megafon,2015,9,24,26.1,5.1,3.1,4.8,8.3,0.3,20.9,17,8.7,5.5,1125,
817,Epinion,2015,9,23,26.5,4.6,3.1,4.3,7.8,,21.9,18.5,8.2,5.2,1728,
818,Voxmeter,2015,9,27,27,4.9,3.2,3.8,7.4,0.5,21.3,18.1,8.7,5.4,1039,
819,Gallup,2015,10,2,25.8,4.6,3.5,3.8,8.1,0.8,21.5,17.6,8.3,5.5,1012,
820,Voxmeter,2015,10,4,26.7,4.8,3.1,4.3,7.8,0.8,20.8,17.3,9,5.4,1049,
821,Gallup,2015,10,8,26,4.4,3,4.2,7.7,0.8,21.5,19.3,8.2,4.7,1706,
822,Voxmeter,2015,10,11,25.4,5.3,2.6,4.8,7.1,0.5,21.3,19.1,8.8,5,1041,
823,YouGov,2015,10,12,26,4.4,3,3.6,8.8,0.6,21.1,18.2,8.7,5.6,1579,
824,Voxmeter,2015,10,18,25.4,5,3.1,4.4,7,0.9,21.8,18.7,8.3,5.4,1034,
825,Norstat,2015,10,18,25,4.7,2.9,3.9,6.9,0.7,21.5,20.1,9.5,4.3,1000,
826,Wilke,2015,10,18,26.3,4.7,3.4,4,7.3,0.5,20.9,18.9,8.8,5.2,2002,
827,Epinion,2015,10,21,26,4.3,3.1,4,7.7,,22.1,18.7,8.7,5.3,1843,
828,Voxmeter,2015,10,25,25.6,5.2,3.2,4,7.5,0.4,20.9,18.9,8.4,5.7,1017,
829,YouGov,2015,10,25,26.9,5.2,3.3,3.9,8.1,0.9,20.6,17.3,8.7,5.1,1389,
830,Megafon,2015,10,28,27.1,5.4,2.8,4.3,8.4,0.4,19.9,18.3,8.6,4.7,1020,
831,Greens,2015,10,29,25.8,4.4,2.7,4.7,7.9,0.8,19.5,20.2,8.5,5,1230,
832,Voxmeter,2015,11,1,26.6,5,4,4.5,7.3,0.6,19.9,18.7,8.1,5.3,1038,
833,Gallup,2015,11,5,26.9,4.5,3.6,3.9,7,0.7,20.3,19.3,8,5.7,1624,
834,Voxmeter,2015,11,8,27,4.4,3.5,4.4,7.9,0.4,20.8,18.1,8.5,4.8,1031,
835,YouGov,2015,11,9,26.5,3.9,2.7,3.7,8.5,1,20.7,19,8.3,5.8,1603,
836,Voxmeter,2015,11,15,26.4,4.6,2.9,4,6.8,0.9,22,18.6,9.1,4.6,1026,
837,Norstat,2015,11,15,28.3,4.6,2.4,3.2,7.4,0.9,20.4,18.7,8.2,5.7,1000,
838,Voxmeter,2015,11,22,25.7,4.1,3.1,4.4,6.7,0.8,22.1,19.1,9.2,4.6,1029,
839,Epinion,2015,11,22,25.7,4.8,3.5,4.2,7.2,,21.6,19.7,8.4,4.8,1997,
840,YouGov,2015,11,24,24.2,5.4,3.6,4.3,8.8,0.9,19,18.6,9.2,6,2117,
841,Megafon,2015,11,26,26.3,5,3.6,4.4,6.8,0.6,19.3,18.4,9.7,5.6,1095,
842,Voxmeter,2015,11,29,26.1,4.1,3.5,4.6,6.8,0.6,20.6,19.8,9.3,4.5,1028,
843,Wilke,2015,12,1,25.4,4.7,3,4.8,7.8,0.9,19.7,19.2,9.1,5.4,2000,
844,Voxmeter,2015,12,6,24.5,4.3,3,4,7,0.7,22.5,18.7,10.2,4.8,1067,
845,Gallup,2015,12,10,24.7,4.8,3.8,4.2,7.2,0.5,20.4,19.4,8.8,6,1579,
846,Epinion,2015,12,16,25.6,4.6,3.5,4.1,8.2,,21.7,18.2,9.3,4.8,1689,
847,Voxmeter,2015,12,13,25.5,4.8,3.4,4,7.9,0.8,22.4,17.3,9.2,4.6,1050,
848,Voxmeter,2015,12,20,24.7,4.9,3.1,4.2,7.5,0.7,20.7,19.2,9.5,5.5,1034,
849,Greens,2015,12,28,25.3,8.1,3.2,4.7,7.1,0.7,19.2,16.6,8.3,6.1,1125,http://borsen.dk/nyheder/avisen/artikel/11/130454/artikel.html
850,YouGov,2015,12,21,23.8,5.1,3.5,4.2,8.3,0.9,21,17.7,9.3,6.1,1681,http://www.politiko.dk/barometeret
851,Gallup,2016,1,7,24.6,5.5,3.6,3.6,7.9,0.7,19.3,18.5,9.7,6.4,1551,http://www.politiko.dk/nyheder/gallup-varsler-doedt-loeb-mellem-roed-og-blaa-blok-noeglerne-er-i-spil
852,Voxmeter,2016,1,10,25.3,5.5,2.8,4.4,8.2,0.7,18.9,18.8,9.3,6,1026,http://voxmeter.dk/index.php/meningsmalinger/
853,Voxmeter,2016,1,16,24.3,5.8,2.8,4.2,7.5,0.8,19.6,19,9.2,6.5,1029,http://voxmeter.dk/index.php/meningsmalinger/
854,YouGov,2016,1,10,23.2,5.5,4.1,4.8,7.9,0.6,20.3,18.8,8.7,6.1,1420,http://www.politiko.dk/barometeret
855,Norstat,2016,1,17,25.6,5.1,3.2,4.2,7.3,0.6,19.5,19.7,8.9,5.7,1000,http://www.altinget.dk/artikel/maaling-partierne-staar-bomstille-trods-flygtningekrise
856,Epinion,2016,1,19,25.4,5.7,3.9,4.5,7.3,,19.6,19.1,8.8,5.8,1692,http://www.dr.dk/nyheder/politik/meningsmaalinger/trods-heftig-flygtningedebat-df-gaar-tilbage-i-ny-maaling
857,Voxmeter,2016,1,24,25,5.9,3.1,3.9,7.4,0.7,21.1,18,8.2,6.4,1027,http://voxmeter.dk/index.php/meningsmalinger/
858,Megafon,2016,1,28,19.3,8.5,3,4.8,7.3,0.8,20.2,17.2,9.2,9.3,2005,http://nyheder.tv2.dk/politik/2016-01-28-kaempe-tilbagegang-for-socialdemokraterne-ikke-set-siden-1998-0
859,Greens,2016,1,27,24.5,6,2.8,5,7.3,0.5,19.7,19.1,8,6.4,1196,http://borsen.dk/nyheder/politik/artikel/1/318855/ny_meningsmaaling_socialdemokraterne_holder_fast_paa_vaelgerne.html
860,Voxmeter,2016,1,31,25.5,5.6,2.7,4.5,8,0.7,21.4,16.4,8.3,6.6,1036,http://voxmeter.dk/index.php/meningsmalinger/
861,Megafon,2016,2,11,21.9,6.3,3.6,4.3,7.7,0.8,19.9,17.9,9.4,7.7,1106,http://politik.tv2.dk/2016-02-11-megafon-s-standser-vaelgerflugt-efter-intern-uro
862,Voxmeter,2016,2,7,24.1,6,3,5.2,7.1,0.7,20.9,17.5,9,6.4,1040,http://voxmeter.dk/index.php/meningsmalinger/
863,YouGov,2016,1,24,23.9,5.4,3.8,4.2,8.8,1.2,20.1,17.2,8.7,6.8,1024,http://www.mx.dk/nyheder/danmark/story/17762091
864,YouGov,2016,2,8,21.1,5.4,4.6,5,8.4,0.8,20.5,18.4,8.7,7.2,1615,http://www.mx.dk/nyheder/danmark/story/17762091
865,Gallup,2016,2,12,22.6,6.1,3.1,4,9.4,0.7,20,17.7,8.5,7.7,1576,http://www.politiko.dk/barometeret
866,Voxmeter,2016,2,14,23.8,6.1,3.2,4.7,8.1,0.7,20.7,16.7,9,6.8,1046,http://voxmeter.dk/index.php/meningsmalinger/
867,Voxmeter,2016,2,21,25,6.2,2.9,4.6,8.9,0.8,19.8,16.8,8.7,6.3,1029,http://voxmeter.dk/index.php/meningsmalinger/
868,Epinion,2016,2,23,24.3,6.9,3.6,4.9,7.9,,21.3,17.1,8.2,5.8,1596,http://www.dr.dk/nyheder/politik/meningsmaalinger/ny-maaling-historisk-lav-opbakning-til-venstre
869,Norstat,2016,2,21,24.3,4.6,2.7,6,6.9,0.8,21.9,17,9.3,6.1,1000,http://www.altinget.dk/artikel/ny-maaling-venstre-gaar-tilbage
870,Megafon,2016,2,25,23.4,7,4.3,4.4,8.1,0.4,20.5,16.2,8.8,6.5,1089,http://nyheder.tv2.dk/politik/2016-02-25-ny-maaling-loekke-staar-til-vaelgerlussing-hvis-valget-kommer-nu
871,Gallup,2016,2,26,23.8,7.2,5.1,4.4,6.9,0.9,19.3,17.1,8.6,6.7,1010,http://www.politiko.dk/nyheder/de-konservative-paa-markant-fremmarch-under-opgoeret-med-loekke
872,Voxmeter,2016,2,28,24.5,5.7,3.3,4.1,8.7,0.8,20.3,17.2,9.2,5.9,1029,http://voxmeter.dk/index.php/meningsmalinger/
873,Greens,2016,3,1,23.6,6.1,4.3,4.8,7.3,0.7,18.8,18.1,9.1,6.6,1211,http://www.politiko.dk/barometeret
874,Voxmeter,2016,3,6,25,5.1,3.3,3.9,8,0.7,20.1,17.7,9.9,6.2,1031,http://voxmeter.dk/index.php/meningsmalinger/
875,Gallup,2016,3,10,25.2,4.9,3.1,3.4,7.4,0.5,20.9,18.8,9.8,5.8,1520,http://www.politiko.dk/barometeret
876,Voxmeter,2016,3,12,25.3,4.9,3,4.5,7.3,0.7,19.8,18.4,8.9,6.9,1023,http://voxmeter.dk/index.php/meningsmalinger/
877,Norstat,2016,3,14,25.1,5.3,2.4,3.7,7.1,,21.3,18.2,9.2,6.4,1000,http://www.altinget.dk/artikel/ny-maaling-venstre-gaar-frem-efter-regeringskrise
878,Epinion,2016,3,17,26.4,5.6,2.8,4.2,7.6,,21.5,17.8,8.2,5.9,1607,http://www.dr.dk/nyheder/politik/meningsmaalinger/ingen-fremgang-til-konservative-efter-uro-om-landbrugspakke
879,Voxmeter,2016,3,20,26,4.8,3.2,5.4,7.5,0.7,20,17.6,8.2,6.4,1042,http://voxmeter.dk/index.php/meningsmalinger/
880,Voxmeter,2016,3,27,25.5,4.8,3.4,4.5,7.8,0.7,20.7,17.2,7.8,7.4,1015,http://voxmeter.dk/index.php/meningsmalinger/
881,Megafon,2016,3,31,23.1,6.6,3.3,4.8,7.1,0.9,19.8,17.5,8.8,7.7,1128,http://nyheder.tv2.dk/politik/2016-03-31-ny-maaling-staerke-venstrefloejspartier-sikrer-roedt-flertal
882,YouGov,2016,3,28,24.8,4.2,3.4,3.7,8.4,1,20.5,18.3,7.7,8,2043,http://www.mx.dk/nyheder/danmark/story/26647249
883,YouGov,2016,3,6,23.7,5.3,3.6,5.2,8.7,1,19.8,18,8.8,5.8,1011,http://www.mx.dk/nyheder/danmark/story/19009206
884,Voxmeter,2016,4,3,24.8,5.3,3,4,7.3,0.7,20.6,17.9,8.4,7.8,1028,http://voxmeter.dk/index.php/meningsmalinger/
885,Greens,2016,3,30,23.9,5.5,3.4,4.1,6.3,0.3,21.2,17.4,9.6,7.8,1259,http://www.politiko.dk/barometeret
886,Gallup,2016,4,7,25.8,4.9,3.3,4.7,7.7,0.5,19.5,18.4,8.3,6.6,1619,http://www.politiko.dk/barometeret
887,Voxmeter,2016,4,10,25.6,4.8,3.3,4.8,6.7,0.6,20.3,18.1,8.5,6.8,1027,http://voxmeter.dk/index.php/meningsmalinger/
888,Voxmeter,2016,4,16,25.8,5.1,2.9,4.4,7.1,0.6,19.8,18,8.3,8,1025,http://jyllands-posten.dk/politik/ECE8590618/fakta-saadan-er-styrkeforholdet-i-dansk-politik-lige-nu/
889,Norstat,2016,4,17,25.4,5.6,2.8,4.3,8.3,,18,18.6,9.8,6,1000,http://www.altinget.dk/artikel/ny-maaling-dansk-folkeparti-gaar-tilbage
890,Wilke,2016,4,17,24.3,4.4,3.9,4.4,8,0.7,20.9,17.1,9.1,7.2,2146,http://jyllands-posten.dk/politik/ECE8598693/ny-maaling-socialdemokraterne-indhenter-noget-af-det-tabte/
891,Epinion,2016,4,20,25.5,5.4,2.9,5.5,6.3,,21.3,17.7,9.2,6,1593,http://www.dr.dk/nyheder/politik/ny-epinion-roed-blok-faar-bedste-maaling-siden-valget
